name,address,lat,lon,capacity,accessibility,neighbourhood,type,shelter_type,notes,number,sub_area,status,source
Petah Tikva אחדות 16,"מינץ 38, Petah Tikva, Israel",32.0747534,34.8902583,,,אחדות,ציבורי,תת קרקעי,,16,שעריה,פתוח,geocoded
Petah Tikva אחדות 17,"מינץ 40, Petah Tikva, Israel",32.0747534,34.8902583,,,אחדות,ציבורי,תת קרקעי,,17,שעריה,פתוח,geocoded
Petah Tikva אחדות 18,"יאנוש קורצאק מול 18, Petah Tikva, Israel",32.080000000000005,34.884,,,אחדות,ציבורי,תת קרקעי,,18,שעריה,פתוח,fallback
Petah Tikva אחדות 19,"אסף שמחוני 8, Petah Tikva, Israel",32.0747656,34.8932339,,,אחדות,ציבורי,תת קרקעי,,19,שעריה,פתוח,geocoded
Petah Tikva אחדות ב76,"מינץ 5, Petah Tikva, Israel",32.0747534,34.8902583,,,אחדות,ציבורי,עילי,,ב86,שעריה,פתוח,geocoded
Petah Tikva אחדות קיש 48,"קיש 48, Petah Tikva, Israel",32.072742,34.8950248,,,אחדות,בית ספר,תת קרקעי,"בי""ס יסודות",,שעריה,סגור,geocoded
Petah Tikva אחדות שפרינצק 17,"שפרינצק 17, Petah Tikva, Israel",32.0770093,34.8916425,,,אחדות,בית ספר,תת קרקעי,תיכון אפיקים,,שעריה,סגור,geocoded
Petah Tikva אחדות סיני 25,"סיני 25, Petah Tikva, Israel",32.0734368,34.8939719,,,אחדות,בית ספר,תת קרקעי,"בי""ס קורצ'אק",,שעריה,סגור,geocoded
Petah Tikva אחדות ב76,"מינץ 5, Petah Tikva, Israel",32.0747534,34.8902583,,,אחדות,ציבורי,עילי,,ב76,שעריה,פתוח,geocoded
Petah Tikva אחדות ב77,"יוספסברג 5, Petah Tikva, Israel",32.0731638,34.8897768,,,אחדות,ציבורי,עילי,,ב77,שעריה,פתוח,geocoded
Petah Tikva אחדות ב90,"שפרינצק 2, Petah Tikva, Israel",32.0770093,34.8916425,,,אחדות,ציבורי,עילי,,ב90,שעריה,פתוח,geocoded
Petah Tikva אחדות ב87,"הנרייטה סולד מול 30, Petah Tikva, Israel",32.08200000000001,34.884,,,אחדות,ציבורי,עילי,,ב87,שעריה,פתוח,fallback
Petah Tikva אחדות 20,"שפרינצק 8, Petah Tikva, Israel",32.0770093,34.8916425,,,אחדות,ציבורי,תת קרקעי,,20,שעריה,פתוח,geocoded
Petah Tikva אחדות ב91,"הנרייטה סולד 1, Petah Tikva, Israel",32.0765792,34.8967801,,,אחדות,ציבורי,עילי,,ב91,שעריה,פתוח,geocoded
Petah Tikva אחדות ב92,"כ""ץ 87, Petah Tikva, Israel",32.0861784,34.8996501,,,אחדות,ציבורי,עילי,,ב92,שעריה,פתוח,geocoded
Petah Tikva אחדות ב93,"כ""ץ 83, Petah Tikva, Israel",32.0861784,34.8996501,,,אחדות,ציבורי,עילי,,ב93,שעריה,פתוח,geocoded
Petah Tikva אחדות ב128,"יאנוש קורצאק 6, Petah Tikva, Israel",32.084,34.884,,,אחדות,ציבורי,עילי,,ב128,שעריה,פתוח,fallback
Petah Tikva אחים ישראלית ה123,"אחים ישראלית מאחורי 28, Petah Tikva, Israel",32.086000000000006,34.884,,,אחים ישראלית,ציבורי,עילי,,ה123,אם המושבות,פתוח,fallback
Petah Tikva בלינסון 9,"יחיעם 5, Petah Tikva, Israel",32.0798705,34.9181297,,,בלינסון,ציבורי,תת קרקעי,,9,הדר גנים,פתוח,geocoded
Petah Tikva בלינסון החרוב 40,"החרוב 40, Petah Tikva, Israel",32.0790391,34.9167179,,,בלינסון,"מתנ""ס",עילי,"מתנ""ס החרוב",,הדר גנים,סגור,geocoded
Petah Tikva בלינסון א70,"עמיקם מול 11, Petah Tikva, Israel",32.08800000000001,34.884,,,בלינסון,ציבורי,עילי,,א70,הדר גנים,פתוח,fallback
Petah Tikva בר יהודה 36,"צהל 60א/ השושנים, Petah Tikva, Israel",32.09,34.884,,,בר יהודה,ציבורי,תת קרקעי,,36,כפר גנים,פתוח,fallback
Petah Tikva הדר גנים 12,"צלאח שלום 12, Petah Tikva, Israel",32.0778504,34.9115142,,,הדר גנים,ציבורי,תת קרקעי,,12,הדר גנים,פתוח,geocoded
Petah Tikva הדר גנים 45,"צלאח שלום 22, Petah Tikva, Israel",32.0765763,34.9115882,,,הדר גנים,ציבורי,תת קרקעי,,45,הדר גנים,פתוח,geocoded
Petah Tikva הדר גנים 46,"המלך כורש 31, Petah Tikva, Israel",32.0765391,34.9113589,,,הדר גנים,ציבורי,תת קרקעי,,46,הדר גנים,פתוח,geocoded
Petah Tikva הדר גנים א138,"יעקב חזן, Petah Tikva, Israel",32.0773092,34.9043127,,,הדר גנים,ציבורי,עילי,מאחורי סניף עזרא,א138,הדר גנים,פתוח,geocoded
Petah Tikva הדר גנים א55,"צלאח שלום 32, Petah Tikva, Israel",32.0779931,34.9121675,,,הדר גנים,ציבורי,עילי,,א55,הדר גנים,פתוח,geocoded
Petah Tikva המרכז השקט 31,"טרומפלדור 33 פינת ניימן, Petah Tikva, Israel",32.092000000000006,34.884,,,המרכז השקט,ציבורי,תת קרקעי,,31,מרכז העיר,פתוח,fallback
Petah Tikva המרכז השקט 41,"ברנדה זאב 29, Petah Tikva, Israel",32.0807293,34.8852882,,,המרכז השקט,ציבורי,עילי,,41,מרכז העיר,פתוח,geocoded
Petah Tikva המרכז השקט סביון 23,"סביון 23, Petah Tikva, Israel",32.0864757,34.8918053,,,המרכז השקט,בית ספר,תת קרקעי,"בי""ס שארית ישראל",,מרכז העיר,סגור,geocoded
Petah Tikva המרכז השקט שפירא 46,"שפירא 46, Petah Tikva, Israel",32.079381,34.8870369,,,המרכז השקט,בית ספר,עילי ותת קרקעי,"בי""ס הס, מקלט וממ""דים",,מרכז העיר,סגור,geocoded
Petah Tikva המרכז השקט סלנט 16,"סלנט 16, Petah Tikva, Israel",32.0835793,34.8883031,,,המרכז השקט,גן ילדים,עילי,גן תפוז,,מרכז העיר,סגור,geocoded
Petah Tikva המרכז השקט פרץ פסקל 3,"פרץ פסקל 3, Petah Tikva, Israel",32.0844025,34.8862576,,,המרכז השקט,גן ילדים,עילי,גן אגוז,,מרכז העיר,סגור,geocoded
Petah Tikva המרכז השקט 51,"שפירא 48, Petah Tikva, Israel",32.0791222,34.8870078,,,המרכז השקט,"מתנ""ס",תת קרקעי,"מתנ""ס המרכז",51,מרכז העיר,סגור,geocoded
Petah Tikva המרכז השקט ד106,"סביון 11, Petah Tikva, Israel",32.0864757,34.8918053,,,המרכז השקט,ציבורי,עילי,,ד106,מרכז העיר,פתוח,geocoded
Petah Tikva המרכז השקט ד107,"הרב קוק 32, Petah Tikva, Israel",32.0820362,34.8793827,,,המרכז השקט,ציבורי,עילי,,ד107,מרכז העיר,פתוח,geocoded
Petah Tikva המרכז השקט ד108,"חיים כהן פינת רוטשילד, Petah Tikva, Israel",32.09400000000001,34.884,,,המרכז השקט,ציבורי,עילי,גן הנשיא,ד108,מרכז העיר,פתוח,fallback
Petah Tikva המרכז השקט גד מכנס 22,"גד מכנס 22, Petah Tikva, Israel",32.078265,34.8883209,,,המרכז השקט,גן ילדים,עילי,גן שלהבת,,מרכז העיר,סגור,geocoded
Petah Tikva יוספטל 1,"אסתר המלכה 3 (יבנה בין 12 ל־14), Petah Tikva, Israel",32.096000000000004,34.884,,,יוספטל,ציבורי,תת קרקעי,,1,מזרח,פתוח,fallback
Petah Tikva יוספטל 2,"מאחורי שאול המלך 3, Petah Tikva, Israel",32.098000000000006,34.884,,,יוספטל,ציבורי,תת קרקעי,,2,מזרח,פתוח,fallback
Petah Tikva יוספטל קהילת יוסטון 3,"קהילת יוסטון 3, Petah Tikva, Israel",32.0913962,34.9040159,,,יוספטל,"מתנ""ס",עילי,"מתנ""ס יוספטל",,מזרח,סגור,geocoded
Petah Tikva יוספטל יבנה 25,"יבנה 25, Petah Tikva, Israel",32.0943373,34.9060308,,,יוספטל,בית ספר,תת קרקעי,ישיבת צביה,,מזרח,סגור,geocoded
Petah Tikva יוספטל ג44,"אסתר המלכה 2א, Petah Tikva, Israel",32.1973597,34.8752104,,,יוספטל,ציבורי,עילי,,ג44,מזרח,פתוח,geocoded
Petah Tikva יוספטל ג57,"אסתר המלכה 3ג, Petah Tikva, Israel",32.1973597,34.8752104,,,יוספטל,ציבורי,עילי,,ג57,מזרח,פתוח,geocoded
Petah Tikva יוספטל ג58,"ברנר 25, Petah Tikva, Israel",32.0910977,34.9030268,,,יוספטל,ציבורי,עילי,,ג58,מזרח,פתוח,geocoded
Petah Tikva יוספטל ג105,"השומר מול 26, Petah Tikva, Israel",32.080000000000005,34.886,,,יוספטל,ציבורי,עילי,,ג105,מזרח,פתוח,fallback
Petah Tikva יוספטל ג96,"בת שבע 1, Petah Tikva, Israel",32.0931963,34.9037456,,,יוספטל,ציבורי,עילי,,ג96,מזרח,פתוח,geocoded
Petah Tikva יוספטל ג97,"קהילת פראג 5, Petah Tikva, Israel",32.0921823,34.9055767,,,יוספטל,ציבורי,עילי,,ג97,מזרח,פתוח,geocoded
Petah Tikva יוספטל ג129,"קהילת פראג 2, Petah Tikva, Israel",32.0921823,34.9055767,,,יוספטל,ציבורי,עילי,,ג129,מזרח,פתוח,geocoded
Petah Tikva כפר אברהם ג100,"ריינס 54, Petah Tikva, Israel",32.0923945,34.9013491,,,כפר אברהם,ציבורי,עילי,,ג100,מזרח,פתוח,geocoded
Petah Tikva כפר אברהם ג120,"סלבנדי פינת חכמי לובלין, Petah Tikva, Israel",32.08200000000001,34.886,,,כפר אברהם,ציבורי,עילי,,ג120,מזרח,פתוח,fallback
Petah Tikva כפר אברהם סלבנדי 2,"סלבנדי 2, Petah Tikva, Israel",32.084,34.886,,,כפר אברהם,גן ילדים,עילי,גן ילדים,,מזרח,סגור,fallback
Petah Tikva כפר גנים א רח' יהלום 32,"רח' יהלום 32, Petah Tikva, Israel",32.086000000000006,34.886,,,כפר גנים א,בית ספר,תת קרקעי,"בי""ס אנתרופוסופי",,כפר גנים,סגור,fallback
Petah Tikva כפר גנים ב זליג בס 17,"זליג בס 17, Petah Tikva, Israel",32.0753929,34.8801704,,,כפר גנים ב,בית ספר,תת קרקעי,אולפנת ישורון שש שנתי,,כפר גנים,סגור,geocoded
Petah Tikva כפר גנים ב יטקובסקי 13,"יטקובסקי 13, Petah Tikva, Israel",32.0777054,34.8780943,,,כפר גנים ב,בית ספר,עילי ותת קרקעי,"בי""ס ביאליק, מקלט וממ""דים",,כפר גנים,סגור,geocoded
Petah Tikva כפר גנים ב שולזינגר 11,"שולזינגר 11, Petah Tikva, Israel",32.0765734,34.8765814,,,כפר גנים ב,בית ספר,עילי ותת קרקעי,"בי""ס אורי אורבך",,כפר גנים,סגור,geocoded
Petah Tikva כפר גנים ב הנשיאים 25,"הנשיאים 25, Petah Tikva, Israel",32.0782169,34.8803385,,,כפר גנים ב,גן ילדים,עילי,גן ורד,,כפר גנים,סגור,geocoded
Petah Tikva כפר גנים ב זליג בס 9,"זליג בס 9, Petah Tikva, Israel",32.0775574,34.8804755,,,כפר גנים ב,גן ילדים,עילי,גן שיבולת,,כפר גנים,סגור,geocoded
Petah Tikva כפר גנים ב הלוי 9,"הלוי 9, Petah Tikva, Israel",32.075402,34.8818334,,,כפר גנים ב,גן ילדים,עילי,גן אגמון,,כפר גנים,סגור,geocoded
Petah Tikva לב המושבה 28,"מוהליבר 11, בירידה לחניה, Petah Tikva, Israel",32.08800000000001,34.886,,,לב המושבה,ציבורי,תת קרקעי,,28,מרכז העיר,פתוח,fallback
Petah Tikva לב המושבה 29,"סלור 4, מתחת לבנין, Petah Tikva, Israel",32.09,34.886,,,לב המושבה,ציבורי,תת קרקעי,,29,מרכז העיר,פתוח,fallback
Petah Tikva לב המושבה 30,"פרופסור שור 1, Petah Tikva, Israel",32.092000000000006,34.886,,,לב המושבה,ציבורי,תת קרקעי,,30,מרכז העיר,פתוח,fallback
Petah Tikva לב המושבה 33,"גולדנהירש 11, Petah Tikva, Israel",32.0915994,34.8864418,,,לב המושבה,ציבורי,תת קרקעי,,33,מרכז העיר,פתוח,geocoded
Petah Tikva לב המושבה 34,"אורלוב 8, ליד ביכנ""ס קיבוץ גלויות, Petah Tikva, Israel",32.09400000000001,34.886,,,לב המושבה,ציבורי,תת קרקעי,,34,מרכז העיר,פתוח,fallback
Petah Tikva לב המושבה מוהליבר 10,"מוהליבר 10, Petah Tikva, Israel",32.0874338,34.8851188,,,לב המושבה,בית ספר,תת קרקעי,"בי""ס נצח ישראל",,מרכז העיר,סגור,geocoded
Petah Tikva לב המושבה סעדיה גאון 8,"סעדיה גאון 8, Petah Tikva, Israel",32.0880413,34.8798192,,,לב המושבה,בית ספר,תת קרקעי,"בי""ס פיקא",,מרכז העיר,סגור,geocoded
Petah Tikva לב המושבה נורדאו מקס 25,"נורדאו מקס 25, Petah Tikva, Israel",32.096000000000004,34.886,,,לב המושבה,בית ספר,תת קרקעי,"בי""ס למרחב בנות",,מרכז העיר,סגור,fallback
Petah Tikva לב המושבה פרנקפורטר 24,"פרנקפורטר 24, Petah Tikva, Israel",32.0856618,34.8794943,,,לב המושבה,גן ילדים,עילי,גן מנדולינה,,מרכז העיר,סגור,geocoded
Petah Tikva לב המושבה הראשונים 4,"הראשונים 4, Petah Tikva, Israel",32.0881973,34.8881621,,,לב המושבה,גן ילדים,עילי,גן פרג,,מרכז העיר,סגור,geocoded
Petah Tikva לב המושבה ד118,"ז'בוטינסקי 13, Petah Tikva, Israel",32.0900146,34.8781196,,,לב המושבה,ציבורי,עילי,,ד118,מרכז העיר,פתוח,geocoded
Petah Tikva לב המושבה ד124,"וולפסון 46, Petah Tikva, Israel",32.0872649,34.8916204,,,לב המושבה,ציבורי,עילי,,ד124,מרכז העיר,פתוח,geocoded
"Petah Tikva לב המושבה רמב""ם 29","רמב""ם 29, Petah Tikva, Israel",32.0887418,34.8907933,,,לב המושבה,גן ילדים,עילי,גן סביונים,,מרכז העיר,סגור,geocoded
Petah Tikva לב המושבה ד134,"רופין 5, Petah Tikva, Israel",32.0909939,34.8780639,,,לב המושבה,ציבורי,עילי,,ד134,מרכז העיר,פתוח,geocoded
Petah Tikva לב המושבה ד135,"ליברמן 1, Petah Tikva, Israel",32.0940402,34.884887,,,לב המושבה,ציבורי,עילי,,ד135,מרכז העיר,פתוח,geocoded
Petah Tikva לב המושבה ד136,"המכבים 21, Petah Tikva, Israel",32.0967694,34.8875803,,,לב המושבה,ציבורי,עילי,מחסן מכבים,ד136,מרכז העיר,פתוח,geocoded
Petah Tikva לב המושבה סעדיה גאון 15,"סעדיה גאון 15, Petah Tikva, Israel",32.0892112,34.8792132,,,לב המושבה,בית ספר,תת קרקעי,סמינר בית יעקב,,מרכז העיר,פתוח,geocoded
Petah Tikva מחנה יהודה 21,"מנחם רצון 26, Petah Tikva, Israel",32.0828037,34.895178,,,מחנה יהודה,ציבורי,תת קרקעי,,21,שעריה,פתוח,geocoded
Petah Tikva מחנה יהודה 22,"הבעל שם טוב 49, Petah Tikva, Israel",32.0779553,34.8960034,,,מחנה יהודה,"מתנ""ס",תת קרקעי,"מתנ""ס לזרוס",22,שעריה,סגור,geocoded
Petah Tikva מחנה יהודה רחל המשוררת 18,"רחל המשוררת 18, Petah Tikva, Israel",32.0853323,34.8946361,,,מחנה יהודה,בית ספר,עילי ותת קרקעי,"חט""ב בן צבי, ממדים",,שעריה,סגור,geocoded
Petah Tikva מחנה יהודה הארי הקדוש 21,"הארי הקדוש 21, Petah Tikva, Israel",32.098000000000006,34.886,,,מחנה יהודה,גן ילדים,עילי,גן יובל,,שעריה,סגור,fallback
"Petah Tikva מחנה יהודה האר""י הקדוש 1","האר""י הקדוש 1, Petah Tikva, Israel",32.080802,34.8953077,,,מחנה יהודה,גן ילדים,עילי,גן פלג,,שעריה,סגור,geocoded
Petah Tikva מחנה יהודה ב132,"מגרש מחנה יהודה, Petah Tikva, Israel",32.0773115,34.8978826,,,מחנה יהודה,ציבורי,עילי,,ב132,שעריה,פתוח,geocoded
Petah Tikva משכנות הגנים שמואל הנגיד 8,"שמואל הנגיד 8, Petah Tikva, Israel",32.1009497,34.9009426,,,משכנות הגנים,בית ספר,תת קרקעי,אולפנת רעות,,מזרח,סגור,geocoded
Petah Tikva נוה גנים אמסטרדם 7,"אמסטרדם 7, Petah Tikva, Israel",32.0837385,34.8651823,,,נוה גנים,בית ספר,עילי,"תיכון עמל ב, ממ""דים",,כפר גנים,סגור,geocoded
Petah Tikva נוה עוז לוי אשכול 2,"לוי אשכול 2, Petah Tikva, Israel",32.069012,34.8602904,,,נוה עוז,בית ספר,עילי ותת קרקעי,"בי""ס נוה עוז, מקלט וממ""דים",,כפר גנים,סגור,geocoded
Petah Tikva נוה עוז קפלנסקי 1,"קפלנסקי 1, Petah Tikva, Israel",32.0802348,34.8660728,,,נוה עוז,גן ילדים,עילי,גן פשוש,,כפר גנים,סגור,geocoded
Petah Tikva נוה עוז אלכסנדר זייד 42,"אלכסנדר זייד 42, Petah Tikva, Israel",32.0772355,34.8641979,,,נוה עוז,גן ילדים,עילי,גן סנונית,,כפר גנים,סגור,geocoded
Petah Tikva נוה עוז 40,"לוי אשכול 20, Petah Tikva, Israel",32.069012,34.8602904,,,נוה עוז,ציבורי,תת קרקעי,,40,כפר גנים,פתוח,geocoded
Petah Tikva נוה עוז 43,"האביב 2, Petah Tikva, Israel",32.0742086,34.8726625,,,נוה עוז,ציבורי,תת קרקעי,,43,כפר גנים,פתוח,geocoded
Petah Tikva נווה גן ה53,"שלום אש 4, Petah Tikva, Israel",32.0920997,34.8767261,,,נווה גן,ציבורי,עילי,,ה53,אם המושבות,פתוח,geocoded
Petah Tikva נווה גן אסירי ציון 18,"אסירי ציון 18, Petah Tikva, Israel",32.0962163,34.874701,,,נווה גן,גן ילדים,עילי,גן ילדים,,אם המושבות,סגור,geocoded
Petah Tikva נווה גן אהרון כצנלסון 10,"אהרון כצנלסון 10, Petah Tikva, Israel",32.0956566,34.8754107,,,נווה גן,גן ילדים,עילי,גן ענבר,,אם המושבות,סגור,geocoded
Petah Tikva נווה גן ה109,"שלום אש 2, Petah Tikva, Israel",32.0918793,34.876873,,,נווה גן,ציבורי,עילי,,ה109,אם המושבות,פתוח,geocoded
Petah Tikva נווה גנים קפלן 42,"קפלן 42, Petah Tikva, Israel",32.0875859,34.8684857,,,נווה גנים,בית ספר,תת קרקעי,ברנקו וייס,,מרכז העיר,פתוח,geocoded
Petah Tikva עין גנים דב גרונר 7,"דב גרונר 7, Petah Tikva, Israel",32.0917647,34.8934748,,,עין גנים,גן ילדים,עילי,גן אופק,,מזרח,סגור,geocoded
Petah Tikva עין גנים 35,"חדוה רשיש 13, Petah Tikva, Israel",32.080000000000005,34.888,,,עין גנים,ציבורי,תת קרקעי,,35,מרכז העיר,פתוח,fallback
Petah Tikva עין גנים 47,"כרמלי 22, Petah Tikva, Israel",32.089064,34.8934858,,,עין גנים,ציבורי,תת קרקעי,,47,מרכז העיר,פתוח,geocoded
Petah Tikva עין גנים עין גנים 27,"עין גנים 27, Petah Tikva, Israel",32.0878696,34.8945415,,,עין גנים,בית ספר,תת קרקעי,"בי""ס עין גנים",,מרכז העיר,סגור,geocoded
Petah Tikva עין גנים חזון איש 4,"חזון איש 4, Petah Tikva, Israel",32.0911996,34.8945674,,,עין גנים,בית ספר,תת קרקעי,"בי""ס שמעוני",,מרכז העיר,סגור,geocoded
Petah Tikva עין גנים וולפסון 31,"וולפסון 31, Petah Tikva, Israel",32.0871083,34.8909973,,,עין גנים,בית ספר,תת קרקעי,"בי""ס גורדון",,מרכז העיר,סגור,geocoded
Petah Tikva עין גנים כרמלי 20,"כרמלי 20, Petah Tikva, Israel",32.089064,34.8934858,,,עין גנים,גן ילדים,עילי,גן חורש/ נוף,,מרכז העיר,סגור,geocoded
Petah Tikva עמישב עדש שפיק 2,"עדש שפיק 2, Petah Tikva, Israel",32.08200000000001,34.888,,,עמישב,"מתנ""ס",עילי,"מתנ""ס עמישב",,הדר גנים,סגור,fallback
Petah Tikva עמישב 6,"צפת 32, Petah Tikva, Israel",32.0705018,34.9136673,,,עמישב,ציבורי,תת קרקעי,,6,הדר גנים,פתוח,geocoded
Petah Tikva עמישב צלאח שלום 33,"צלאח שלום 33, Petah Tikva, Israel",32.0765763,34.9115882,,,עמישב,בית ספר,עילי,מורשה בנות,,הדר גנים,סגור,geocoded
Petah Tikva עמישב עדש שפיק 7,"עדש שפיק 7, Petah Tikva, Israel",32.084,34.888,,,עמישב,בית ספר,תת קרקעי,מורשה בנים,,הדר גנים,סגור,fallback
Petah Tikva עמישב 13,"שבט יששכר 18, Petah Tikva, Israel",32.0725819,34.9112513,,,עמישב,ציבורי,תת קרקעי,,13,הדר גנים,פתוח,geocoded
Petah Tikva עמישב 14,"טבריה 24, Petah Tikva, Israel",32.0717416,34.9159555,,,עמישב,ציבורי,עילי,,14,הדר גנים,פתוח,geocoded
Petah Tikva עמישב 50,"שבט נפתלי 4, Petah Tikva, Israel",32.0774709,34.9127706,,,עמישב,ציבורי,תת קרקעי,,50,הדר גנים,פתוח,geocoded
Petah Tikva עמישב א110,"עזרא ונחמיה פינת אלקלעי, Petah Tikva, Israel",32.086000000000006,34.888,,,עמישב,ציבורי,עילי,,א110,הדר גנים,פתוח,fallback
Petah Tikva עמישב א130,"צפת מאחורי 96, Petah Tikva, Israel",32.08800000000001,34.888,,,עמישב,ציבורי,עילי,,א130,הדר גנים,פתוח,fallback
Petah Tikva עמישב א65,"צפת מול 24, Petah Tikva, Israel",32.09,34.888,,,עמישב,ציבורי,עילי,,א65,הדר גנים,פתוח,fallback
Petah Tikva עמישב א66,"אלקניאן 14, Petah Tikva, Israel",32.0760148,34.9128417,,,עמישב,ציבורי,עילי,,א66,הדר גנים,פתוח,geocoded
Petah Tikva עמישב א68,"שבט דן מול 3, Petah Tikva, Israel",32.092000000000006,34.888,,,עמישב,ציבורי,עילי,,א68,הדר גנים,פתוח,fallback
Petah Tikva עמישב א71,"צפת 53, Petah Tikva, Israel",32.0698322,34.9170688,,,עמישב,ציבורי,עילי,,א71,הדר גנים,פתוח,geocoded
Petah Tikva עמישב א72,"גן אלי כהן, Petah Tikva, Israel",32.09400000000001,34.888,,,עמישב,ציבורי,עילי,,א72,הדר גנים,פתוח,fallback
Petah Tikva עמישב א73,"צפת מול 106, Petah Tikva, Israel",32.096000000000004,34.888,,,עמישב,ציבורי,עילי,,א73,הדר גנים,פתוח,fallback
Petah Tikva עמישב א74,"שבט בנימין מול 20, Petah Tikva, Israel",32.098000000000006,34.888,,,עמישב,ציבורי,עילי,,א74,הדר גנים,פתוח,fallback
Petah Tikva עמישב א75,"שבט גד ליד 5, Petah Tikva, Israel",32.080000000000005,34.89,,,עמישב,ציבורי,עילי,,א75,הדר גנים,פתוח,fallback
Petah Tikva עמישב א131,"עזרא ונחמיה 20, Petah Tikva, Israel",32.0735976,34.912897,,,עמישב,ציבורי,עילי,,א131,הדר גנים,פתוח,geocoded
Petah Tikva עמישב הגיתית 10,"הגיתית 10, Petah Tikva, Israel",32.0770208,34.9097594,,,עמישב,בית ספר,תת קרקעי,אמית בר אילן,,הדר גנים,פתוח,geocoded
Petah Tikva פארקטק ו64,"באזל, Petah Tikva, Israel",32.0968187,34.8672631,,,פארקטק,ציבורי,עילי,הפארק הגדול,ו64,תעשיה,פתוח,geocoded
Petah Tikva צמרת גנים 3,"אהבת ציון 11, Petah Tikva, Israel",32.0775298,34.8993444,,,צמרת גנים,ציבורי,תת קרקעי,,3,שעריה,פתוח,geocoded
Petah Tikva צמרת גנים ישראל ישעיהו 10,"ישראל ישעיהו 10, Petah Tikva, Israel",32.0790194,34.8993399,,,צמרת גנים,בית ספר,תת קרקעי,"בי""ס פינשטיין",,שעריה,סגור,geocoded
Petah Tikva קרול הבנים 9,"הבנים 9, Petah Tikva, Israel",32.0762072,34.92276,,,קרול,בית ספר,תת קרקעי,"בי""ס קרול",,אם המושבות,סגור,geocoded
Petah Tikva קרול קרימיניצקי 3,"קרימיניצקי 3, Petah Tikva, Israel",32.08200000000001,34.89,,,קרול,גן ילדים,עילי,גן יסמין,,אם המושבות,סגור,fallback
Petah Tikva קרול ה63,"מבצע קדש 23, Petah Tikva, Israel",32.0968485,34.8820647,,,קרול,ציבורי,עילי,,ה63,אם המושבות,פתוח,geocoded
Petah Tikva קרול רוטשילד 17,"רוטשילד 17, Petah Tikva, Israel",32.0926837,34.8806375,,,קרול,גן ילדים,עילי,גן אננס,,אם המושבות,סגור,geocoded
Petah Tikva קרית אלון דוד רמז,"דוד רמז, Petah Tikva, Israel",32.0889729,34.9057375,,,קרית אלון,בית ספר,תת קרקעי,"בי""ס קיבוץ גלויות",,מזרח,סגור,geocoded
Petah Tikva קרית אלון ג104,"הותיקים מול 13, Petah Tikva, Israel",32.084,34.89,,,קרית אלון,ציבורי,עילי,,ג104,מזרח,פתוח,fallback
Petah Tikva קרית אלון ג121,"בדר מול קופת חולים, Petah Tikva, Israel",32.086000000000006,34.89,,,קרית אלון,ציבורי,עילי,,ג121,מזרח,פתוח,fallback
Petah Tikva קרית אלון ג94,"כיכר ברוש 5, Petah Tikva, Israel",32.088497,34.9040925,,,קרית אלון,ציבורי,עילי,,ג94,מזרח,פתוח,geocoded
Petah Tikva קרית אלון ג95,"אחווה 21, Petah Tikva, Israel",32.0883743,34.9065444,,,קרית אלון,ציבורי,עילי,,ג95,מזרח,פתוח,geocoded
Petah Tikva קרית אליעזר פרי 4,"המעפילים 16, Petah Tikva, Israel",32.0827304,34.8997159,,,קרית אליעזר פרי,ציבורי,תת קרקעי,,4,מזרח,פתוח,geocoded
Petah Tikva קרית אליעזר פרי 7,"המגינים מול 16 (מול רבינוביץ 10), Petah Tikva, Israel",32.08800000000001,34.89,,,קרית אליעזר פרי,ציבורי,תת קרקעי,,7,מזרח,פתוח,fallback
Petah Tikva קרית אליעזר פרי עין גנים 71,"עין גנים 71, Petah Tikva, Israel",32.0878696,34.8945415,,,קרית אליעזר פרי,בית ספר,תת קרקעי,"חט""ב ברנר",,מזרח,סגור,geocoded
Petah Tikva קרית אליעזר פרי המגינים 23,"המגינים 23, Petah Tikva, Israel",32.0862003,34.8978231,,,קרית אליעזר פרי,בית ספר,עילי ותת קרקעי,"בי""ס אמיר",,מזרח,סגור,geocoded
Petah Tikva קרית אליעזר פרי האילנות 7,"האילנות 7, Petah Tikva, Israel",32.0745227,34.9219868,,,קרית אליעזר פרי,"מתנ""ס",עילי,"מתנ""ס עין גנים",,מזרח,סגור,geocoded
Petah Tikva קרית אליעזר פרי ג101,"פוחס 20, Petah Tikva, Israel",32.0848367,34.8989329,,,קרית אליעזר פרי,ציבורי,עילי,,ג101,מזרח,פתוח,geocoded
Petah Tikva קרית אליעזר פרי ג115,"עמיצור מול 3, Petah Tikva, Israel",32.09,34.89,,,קרית אליעזר פרי,ציבורי,עילי,,ג115,מזרח,פתוח,fallback
Petah Tikva קרית אליעזר פרי ג98,"קיבוץ גלויות 11, Petah Tikva, Israel",32.0851082,34.8999368,,,קרית אליעזר פרי,ציבורי,עילי,,ג98,מזרח,פתוח,geocoded
Petah Tikva קרית דוד אלעזר 25,"גרוניגר בחורשה מול אחוה 109, Petah Tikva, Israel",32.092000000000006,34.89,,,קרית דוד אלעזר,ציבורי,עילי,,25,מזרח,פתוח,fallback
Petah Tikva קרית דוד אלעזר 26,"גרוניגר בחורשה מול אחוה 85, Petah Tikva, Israel",32.09400000000001,34.89,,,קרית דוד אלעזר,ציבורי,עילי,,26,מזרח,פתוח,fallback
Petah Tikva קרית דוד אלעזר 27,"בחורשה מול בדר 7, Petah Tikva, Israel",32.096000000000004,34.89,,,קרית דוד אלעזר,ציבורי,עילי,,27,מזרח,פתוח,fallback
Petah Tikva קרית דוד אלעזר דוד רמז 38,"דוד רמז 38, Petah Tikva, Israel",32.0864888,34.9023026,,,קרית דוד אלעזר,בית ספר,תת קרקעי,תיכון עמל א' (הרב תחומי),,מזרח,סגור,geocoded
Petah Tikva קרית דוד אלעזר דוד רמז 33,"דוד רמז 33, Petah Tikva, Israel",32.0889729,34.9057375,,,קרית דוד אלעזר,"מתנ""ס",עילי,"מתנ""ס בית מרקו",,מזרח,סגור,geocoded
Petah Tikva קרית דוד אלעזר 49,"משעול גומס, כניסה מכיוון אחווה 112, Petah Tikva, Israel",32.098000000000006,34.89,,,קרית דוד אלעזר,ציבורי,תת קרקעי,,49,מזרח,פתוח,fallback
Petah Tikva קרית דוד אלעזר ג125,"צמח צדק (גני ילדים), Petah Tikva, Israel",32.080000000000005,34.892,,,קרית דוד אלעזר,ציבורי,עילי,,ג125,מזרח,פתוח,fallback
Petah Tikva קרית דוד אלעזר ג126,"צמח צדק (גני ילדים), Petah Tikva, Israel",32.08200000000001,34.892,,,קרית דוד אלעזר,ציבורי,עילי,,ג126,מזרח,פתוח,fallback
Petah Tikva קרית דוד אלעזר אחווה 66,"אחווה 66, Petah Tikva, Israel",32.0883743,34.9065444,,,קרית דוד אלעזר,גן ילדים,עילי,גן דולב,,מזרח,סגור,geocoded
Petah Tikva קרית הרב סלומון 10,"יונה גרין 22, Petah Tikva, Israel",32.0984273,34.899401,,,קרית הרב סלומון,ציבורי,תת קרקעי,,10,מזרח,פתוח,geocoded
Petah Tikva קרית הרב סלומון הרב אונטרמן 14,"הרב אונטרמן 14, Petah Tikva, Israel",32.099596,34.8992377,,,קרית הרב סלומון,בית ספר,תת קרקעי,"בי""ס מ""ד מעלות חיים",,מזרח,סגור,geocoded
Petah Tikva קרית הרב סלומון ג103,"ר' עקיבא פינת אונטרמן, Petah Tikva, Israel",32.084,34.892,,,קרית הרב סלומון,ציבורי,עילי,,ג103,מזרח,פתוח,fallback
Petah Tikva קרית הרב סלומון ג116,"הרצוג 37, Petah Tikva, Israel",32.0969917,34.8974919,,,קרית הרב סלומון,ציבורי,עילי,,ג116,מזרח,פתוח,geocoded
Petah Tikva קרית הרב סלומון ג99,"הרצוג 31, Petah Tikva, Israel",32.0968839,34.8976232,,,קרית הרב סלומון,ציבורי,עילי,,ג99,מזרח,פתוח,geocoded
Petah Tikva קרית מטלון 39,"הצפירה, בתוך המתנס, Petah Tikva, Israel",32.086000000000006,34.892,,,קרית מטלון,"מתנ""ס",תת קרקעי,"מתנ""ס קרית מטלון",39,כפר גנים,סגור,fallback
"Petah Tikva קרית מטלון רמ""א 17","רמ""א 17, Petah Tikva, Israel",32.0872314,34.8506616,,,קרית מטלון,גן ילדים,עילי,גן יהלום,,כפר גנים,סגור,geocoded
Petah Tikva קרית מטלון ז43,"בירנבוים 18 בקצה הסמטה בגן ילדים, Petah Tikva, Israel",32.08800000000001,34.892,,,קרית מטלון,ציבורי,תת קרקעי,,ז43,כפר גנים,פתוח,fallback
Petah Tikva קרית מטלון ז113,"של""ג 1, Petah Tikva, Israel",32.2215147,34.9885597,,,קרית מטלון,ציבורי,עילי,,ז113,כפר גנים,פתוח,geocoded
Petah Tikva קרית מטלון ז69,"גוש חלב פינת פקיעין, Petah Tikva, Israel",32.09,34.892,,,קרית מטלון,ציבורי,עילי,,ז69,כפר גנים,פתוח,fallback
Petah Tikva קרית מטלון פקיעין 23,"פקיעין 23, Petah Tikva, Israel",32.0881144,34.8520172,,,קרית מטלון,בית ספר,תת קרקעי,"בי""ס יובלים",,כפר גנים,סגור,geocoded
Petah Tikva קרית מטלון ז133,"פקיעין 21, Petah Tikva, Israel",32.0881144,34.8520172,,,קרית מטלון,ציבורי,עילי,,ז133,כפר גנים,פתוח,geocoded
Petah Tikva רמת ורבר אנדרסן 8,"אנדרסן 8, Petah Tikva, Israel",32.0896783,34.8732021,,,רמת ורבר,בית ספר,תת קרקעי,"בי""ס אפיק",,כפר גנים,סגור,geocoded
Petah Tikva רמת ורבר קפלן 7,"קפלן 7, Petah Tikva, Israel",32.0901335,34.8698643,,,רמת ורבר,בית ספר,עילי ותת קרקעי,"בי""ס קפלן, מקלט וממ""דים",,כפר גנים,סגור,geocoded
Petah Tikva רמת ורבר הפורצים 18,"הפורצים 18, Petah Tikva, Israel",32.0880993,34.8768516,,,רמת ורבר,"מתנ""ס",עילי ותת קרקעי,"מתנ""ס ורבר, ממ""ד מבנה חדש",,כפר גנים,סגור,geocoded
Petah Tikva רמת ורבר 37,"הרצפלד 6, Petah Tikva, Israel",32.0855359,34.8746643,,,רמת ורבר,ציבורי,תת קרקעי,,37,כפר גנים,פתוח,geocoded
Petah Tikva רמת ורבר 38,"אנדרסן 7 (בין הבניינים), Petah Tikva, Israel",32.092000000000006,34.892,,,רמת ורבר,ציבורי,תת קרקעי,,38,כפר גנים,פתוח,fallback
Petah Tikva רמת ורבר 48,"הרצפלד בין בניין 3 לבניין 5, Petah Tikva, Israel",32.09400000000001,34.892,,,רמת ורבר,ציבורי,תת קרקעי,,48,כפר גנים,פתוח,fallback
Petah Tikva רמת ורבר ז54,"דובנוב 8, Petah Tikva, Israel",32.0894672,34.8771708,,,רמת ורבר,ציבורי,עילי,,ז54,כפר גנים,פתוח,geocoded
Petah Tikva רמת ורבר ז111,"ברל כצלנסון 40, Petah Tikva, Israel",32.096000000000004,34.892,,,רמת ורבר,ציבורי,עילי,,ז111,כפר גנים,פתוח,fallback
Petah Tikva רמת ורבר ז112,"שרת 9, Petah Tikva, Israel",32.0876805,34.8731468,,,רמת ורבר,ציבורי,עילי,,ז112,כפר גנים,פתוח,geocoded
Petah Tikva רמת ורבר ז114,"ברל כצנלסון פינת דורון, Petah Tikva, Israel",32.098000000000006,34.892,,,רמת ורבר,ציבורי,עילי,,ז114,כפר גנים,פתוח,fallback
Petah Tikva רמת ורבר ז117,"ז'בוטינסקי 15, Petah Tikva, Israel",32.0900881,34.8771793,,,רמת ורבר,ציבורי,עילי,,ז117,כפר גנים,פתוח,geocoded
Petah Tikva רמת ורבר ז119,"הפלמח 3, Petah Tikva, Israel",32.0900416,34.8753964,,,רמת ורבר,ציבורי,עילי,,ז119,כפר גנים,פתוח,geocoded
Petah Tikva שיכון הפועל המזרחי 11,"יוכלמן 3, Petah Tikva, Israel",32.099068,34.9016737,,,שיכון הפועל המזרחי,ציבורי,תת קרקעי,,11,מזרח,פתוח,geocoded
Petah Tikva שיכון הפועל המזרחי ג122,"החשמונאים פינת בר יוחאי, Petah Tikva, Israel",32.080000000000005,34.894,,,שיכון הפועל המזרחי,ציבורי,עילי,,ג122,מזרח,פתוח,fallback
"Petah Tikva שיכון מפ""ם 23","כץ 57 (בגינת טוסקניני), Petah Tikva, Israel",32.08200000000001,34.894,,,"שיכון מפ""ם",ציבורי,תת קרקעי,,23,שעריה,פתוח,fallback
"Petah Tikva שיכון מפ""ם ב61","הארז 10, Petah Tikva, Israel",32.0709299,34.8884924,,,"שיכון מפ""ם",ציבורי,עילי,,ב61,שעריה,פתוח,geocoded
"Petah Tikva שיכון מפ""ם הוברמן 8","הוברמן 8, Petah Tikva, Israel",32.0753587,34.8877951,,,"שיכון מפ""ם",בית ספר,תת קרקעי,"בי""ס הוברמן",,שעריה,סגור,geocoded
"Petah Tikva שיכון מפ""ם ב127","אילת 3, Petah Tikva, Israel",32.0653833,34.8948569,,,"שיכון מפ""ם",ציבורי,עילי,,ב127,שעריה,פתוח,geocoded
Petah Tikva שיפר שיפר 43,"שיפר 43, Petah Tikva, Israel",32.0969428,34.8913771,,,שיפר,בית ספר,תת קרקעי,"בי""ס שיפר",,מזרח,סגור,geocoded
Petah Tikva שיפר גולומב 6,"גולומב 6, Petah Tikva, Israel",32.0964067,34.8913711,,,שיפר,גן ילדים,עילי,גן כרמל,,מזרח,סגור,geocoded
Petah Tikva שיפר חפוטא 4,"חפוטא 4, Petah Tikva, Israel",32.084,34.894,,,שיפר,בית ספר,עילי,בית יהודה,,מזרח,פתוח,fallback
Petah Tikva שעריה 8,"השופטים 18, Petah Tikva, Israel",32.0760268,34.8960369,,,שעריה,ציבורי,תת קרקעי,,8,שעריה,פתוח,geocoded
Petah Tikva שעריה 15,"כנסת ישראל 6, Petah Tikva, Israel",32.0702529,34.9022336,,,שעריה,ציבורי,תת קרקעי,,15,שעריה,פתוח,geocoded
Petah Tikva שעריה 24,"עמוס 12 (גן חללי מינכן), Petah Tikva, Israel",32.086000000000006,34.894,,,שעריה,ציבורי,תת קרקעי,,24,שעריה,פתוח,fallback
Petah Tikva שעריה 52,"אפריים כוכבי פינת הנביאים, Petah Tikva, Israel",32.08800000000001,34.894,,,שעריה,ציבורי,תת קרקעי,,52,שעריה,פתוח,fallback
Petah Tikva שעריה ב56,"יונה 39, Petah Tikva, Israel",32.0723074,34.8994546,,,שעריה,ציבורי,עילי,מחלקת רווחה שעריה,ב56,שעריה,פתוח,geocoded
Petah Tikva שעריה החמישה 8,"החמישה 8, Petah Tikva, Israel",32.0720763,34.8962968,,,שעריה,בית ספר,תת קרקעי,"בי""ס בית יעקב עיוני",,שעריה,סגור,geocoded
Petah Tikva שעריה הרב צעירי 11,"הרב צעירי 11, Petah Tikva, Israel",32.0712024,34.8970953,,,שעריה,בית ספר,תת קרקעי,"חט""ב שלום",,שעריה,סגור,geocoded
Petah Tikva שעריה תפוצות ישראל 7,"תפוצות ישראל 7, Petah Tikva, Israel",32.0765766,34.9001695,,,שעריה,בית ספר,עילי ותת קרקעי,"בי""ס אורנים",,שעריה,סגור,geocoded
Petah Tikva שעריה רזיאל 10,"רזיאל 10, Petah Tikva, Israel",32.0733784,34.8966967,,,שעריה,גן ילדים,עילי,מעון אמונה,,שעריה,סגור,geocoded
Petah Tikva שעריה הרב צעירי 15,"הרב צעירי 15, Petah Tikva, Israel",32.0712024,34.8970953,,,שעריה,גן ילדים,עילי,גן עופר,,שעריה,סגור,geocoded
Petah Tikva שעריה ב84,"החמישה 23, Petah Tikva, Israel",32.0721653,34.8927127,,,שעריה,עירוני,עילי,"בנ""ע/ שירות לתושב",,שעריה,סגור,geocoded
Petah Tikva שעריה ב78,"השופטים פינת רזיאל, Petah Tikva, Israel",32.09,34.894,,,שעריה,ציבורי,עילי,,ב78,שעריה,פתוח,fallback
Petah Tikva שעריה ב79,"לח""י 8, Petah Tikva, Israel",32.0737276,34.8968346,,,שעריה,ציבורי,עילי,,ב79,שעריה,פתוח,geocoded
Petah Tikva שעריה ב80,"יונה 3, Petah Tikva, Israel",32.0723074,34.8994546,,,שעריה,ציבורי,עילי,,ב80,שעריה,פתוח,geocoded
Petah Tikva שעריה ב81,"חבקוק מול 13, Petah Tikva, Israel",32.092000000000006,34.894,,,שעריה,ציבורי,עילי,,ב81,שעריה,פתוח,fallback
Petah Tikva שעריה ב82,"רות מול 19, Petah Tikva, Israel",32.09400000000001,34.894,,,שעריה,ציבורי,עילי,,ב82,שעריה,פתוח,fallback
Petah Tikva שעריה ב83,"התחיה פינת שלמה, Petah Tikva, Israel",32.096000000000004,34.894,,,שעריה,ציבורי,עילי,,ב83,שעריה,פתוח,fallback
Petah Tikva שעריה ב84,"החמישה 23, Petah Tikva, Israel",32.0721653,34.8927127,,,שעריה,ציבורי,עילי,,ב84,שעריה,פתוח,geocoded
Petah Tikva שעריה ב85,"חגי 2, Petah Tikva, Israel",32.0703101,34.8969087,,,שעריה,ציבורי,עילי,,ב85,שעריה,פתוח,geocoded
Petah Tikva שעריה ב88,"הנביאים 32, Petah Tikva, Israel",32.0756952,34.8984184,,,שעריה,ציבורי,עילי,,ב88,שעריה,פתוח,geocoded
Petah Tikva שעריה ב89,"הנביאים 89, Petah Tikva, Israel",32.0756952,34.8984184,,,שעריה,ציבורי,עילי,,ב89,שעריה,פתוח,geocoded
Petah Tikva שעריה תפוצות ישראל 7,"תפוצות ישראל 7, Petah Tikva, Israel",32.0765766,34.9001695,,,שעריה,גן ילדים,עילי,גן אוהבים,,שעריה,סגור,geocoded
Petah Tikva תקומה 5,"חיסין 6, Petah Tikva, Israel",32.091249,34.8978324,,,תקומה,ציבורי,תת קרקעי,,5,מזרח,פתוח,geocoded
Petah Tikva תקומה הרב עוזיאל 16,"הרב עוזיאל 16, Petah Tikva, Israel",32.0906059,34.898431,,,תקומה,בית ספר,עילי,"בי""ס אלונים",,מזרח,סגור,geocoded
Petah Tikva תקומה נחלת צבי 63,"נחלת צבי 63, Petah Tikva, Israel",32.0946463,34.8931574,,,תקומה,גן ילדים,עילי,גן ברבור,,מזרח,סגור,geocoded
Petah Tikva תקומה זרח ברנט 18,"זרח ברנט 18, Petah Tikva, Israel",32.0946605,34.8944172,,,תקומה,גן ילדים,עילי,גן הפרח,,מזרח,סגור,geocoded
Petah Tikva תקומה ג59,"פפר 18, Petah Tikva, Israel",32.0911827,34.8963126,,,תקומה,ציבורי,עילי,,ג60,מזרח,פתוח,geocoded
Petah Tikva תקומה ג59,"פפר 18, Petah Tikva, Israel",32.0911827,34.8963126,,,תקומה,ציבורי,עילי,,ג59,מזרח,פתוח,geocoded
Petah Tikva תקומה ג102,"עוזיאל 19, Petah Tikva, Israel",32.0947849,34.9011335,,,תקומה,ציבורי,עילי,,ג102,מזרח,פתוח,geocoded
Petah Tikva Shelter ג137,"הרב עובדיה יוסף, Petah Tikva, Israel",32.0784508,34.912757,,,,ציבורי,עילי,מגרש הפועל,א67,הדר גנים,פתוח,geocoded
Petah Tikva Shelter ג137,"הרב עובדיה יוסף, Petah Tikva, Israel",32.0784508,34.912757,,,,ציבורי,עילי,"מרכז הכנה לצה""ל",ג63,הדר גנים,פתוח,geocoded
Petah Tikva Shelter ג137,"הרב עובדיה יוסף, Petah Tikva, Israel",32.0784508,34.912757,,,,ציבורי,עילי,ספורטק סירקין,ג137,,פתוח,geocoded
Petah Tikva Shelter הרב עובדיה יוסף 1,"הרב עובדיה יוסף 1, Petah Tikva, Israel",32.0784508,34.912757,,,,בית ספר,עילי,אולפנית הדר גנים,,הדר גנים,פתוח,geocoded
