אחדות	מינץ 38	ציבורי	תת קרקעי	 	16	שעריה	פתוח 
אחדות	מינץ 40	ציבורי	תת קרקעי	 	17	שעריה	פתוח 
אחדות	יאנוש קורצאק מול 18	ציבורי	תת קרקעי	 	18	שעריה	פתוח 
אחדות	אסף שמחוני 8	ציבורי	תת קרקעי	 	19	שעריה	פתוח 
אחדות	מינץ פינת שפרינצק מול מינץ 54	ציבורי	עילי	 	ב86	שעריה	פתוח 
אחדות	קיש 48	בית ספר	תת קרקעי	בי"ס יסודות	 	שעריה	סגור
אחדות	שפרינצק 17	בית ספר	תת קרקעי	תיכון אפיקים	 	שעריה	סגור
אחדות	סיני 25	בית ספר	תת קרקעי	בי"ס קורצ'אק	 	שעריה	סגור
אחדות	מינץ 5	ציבורי	עילי	 	ב76	שעריה	פתוח 
אחדות	יוספסברג 5	ציבורי	עילי	 	ב77	שעריה	פתוח 
אחדות	שפרינצק 2	ציבורי	עילי	 	ב90	שעריה	פתוח 
אחדות	הנרייטה סולד מול 30	ציבורי	עילי	 	ב87	שעריה	פתוח 
אחדות	שפרינצק 8	ציבורי	תת קרקעי	 	20	שעריה	פתוח 
אחדות	הנרייטה סולד 1	ציבורי	עילי	 	ב91	שעריה	פתוח 
אחדות	כ"ץ 87	ציבורי	עילי	 	ב92	שעריה	פתוח 
אחדות	כ"ץ 83	ציבורי	עילי	 	ב93	שעריה	פתוח 
אחדות	יאנוש קורצאק 6	ציבורי	עילי	 	ב128	שעריה	פתוח 
אחים ישראלית	אחים ישראלית מאחורי 28	ציבורי	עילי	 	ה123	אם המושבות	פתוח 
בלינסון	יחיעם 5	ציבורי	תת קרקעי	 	9	הדר גנים	פתוח 
בלינסון	החרוב 40	מתנ"ס	עילי	מתנ"ס החרוב	 	הדר גנים	סגור
בלינסון	עמיקם מול 11	ציבורי	עילי	 	א70	הדר גנים	פתוח 
בר יהודה	צהל 60א/ השושנים	ציבורי	תת קרקעי	 	36	כפר גנים	פתוח 
הדר גנים	צלאח שלום 12	ציבורי	תת קרקעי	 	12	הדר גנים	פתוח 
הדר גנים	צלאח שלום 22	ציבורי	תת קרקעי	 	45	הדר גנים	פתוח 
הדר גנים	המלך כורש 31	ציבורי	תת קרקעי	 	46	הדר גנים	פתוח 
הדר גנים	יעקב חזן	ציבורי	עילי	מאחורי סניף עזרא	א138	הדר גנים	פתוח 
הדר גנים	צלאח שלום 32	ציבורי	עילי	 	א55	הדר גנים	פתוח 
המרכז השקט	טרומפלדור 33 פינת ניימן	ציבורי	תת קרקעי	 	31	מרכז העיר	פתוח 
המרכז השקט	ברנדה זאב 29	ציבורי	עילי	 	41	מרכז העיר	פתוח 
המרכז השקט	סביון 23	בית ספר	תת קרקעי	בי"ס שארית ישראל	 	מרכז העיר	סגור
המרכז השקט	שפירא 46	בית ספר	עילי ותת קרקעי	בי"ס הס, מקלט וממ"דים	 	מרכז העיר	סגור
המרכז השקט	סלנט 16	גן ילדים	עילי	גן תפוז	 	מרכז העיר	סגור
המרכז השקט	פרץ פסקל 3	גן ילדים	עילי	גן אגוז	 	מרכז העיר	סגור
המרכז השקט	שפירא 48	מתנ"ס	תת קרקעי	מתנ"ס המרכז	51	מרכז העיר	סגור
המרכז השקט	סביון 11	ציבורי	עילי	 	ד106	מרכז העיר	פתוח 
המרכז השקט	הרב קוק 32	ציבורי	עילי	 	ד107	מרכז העיר	פתוח 
המרכז השקט	חיים כהן פינת רוטשילד	ציבורי	עילי	גן הנשיא 	ד108	מרכז העיר	פתוח 
המרכז השקט	גד מכנס 22	גן ילדים	עילי	גן שלהבת	 	מרכז העיר	סגור
יוספטל	אסתר המלכה 3 (יבנה בין 12 ל־14)	ציבורי	תת קרקעי	 	1	מזרח	פתוח 
יוספטל	מאחורי שאול המלך 3	ציבורי	תת קרקעי	 	2	מזרח	פתוח 
יוספטל	קהילת יוסטון 3	מתנ"ס	עילי	מתנ"ס יוספטל	 	מזרח	סגור
יוספטל	יבנה 25	בית ספר	תת קרקעי	ישיבת צביה	 	מזרח	סגור
יוספטל	אסתר המלכה 2א	ציבורי	עילי	 	ג44	מזרח	פתוח 
יוספטל	אסתר המלכה 3ג	ציבורי	עילי	 	ג57	מזרח	פתוח 
יוספטל	ברנר 25	ציבורי	עילי	 	ג58	מזרח	פתוח 
יוספטל	השומר מול 26	ציבורי	עילי	 	ג105	מזרח	פתוח 
יוספטל	בת שבע 1	ציבורי	עילי	 	ג96	מזרח	פתוח 
יוספטל	קהילת פראג 5	ציבורי	עילי	 	ג97	מזרח	פתוח 
יוספטל	קהילת פראג 2	ציבורי	עילי	 	ג129	מזרח	פתוח 
כפר אברהם	ריינס 54	ציבורי	עילי	 	ג100	מזרח	פתוח 
כפר אברהם	סלבנדי פינת חכמי לובלין	ציבורי	עילי	 	ג120	מזרח	פתוח 
כפר אברהם	סלבנדי 2	גן ילדים	עילי	גן ילדים	 	מזרח	סגור
כפר גנים א	רח' יהלום 32	בית ספר	תת קרקעי	בי"ס אנתרופוסופי	 	כפר גנים	סגור
כפר גנים ב	זליג בס 17	בית ספר	תת קרקעי	אולפנת ישורון שש שנתי	 	כפר גנים	סגור
כפר גנים ב	יטקובסקי 13	בית ספר	עילי ותת קרקעי	בי"ס ביאליק, מקלט וממ"דים	 	כפר גנים	סגור
כפר גנים ב	שולזינגר 11	בית ספר	עילי ותת קרקעי	בי"ס אורי אורבך	 	כפר גנים	סגור
כפר גנים ב	הנשיאים 25	גן ילדים	עילי	גן ורד	 	כפר גנים	סגור
כפר גנים ב	זליג בס 9	גן ילדים	עילי	גן שיבולת	 	כפר גנים	סגור
כפר גנים ב	הלוי 9	גן ילדים	עילי	גן אגמון	 	כפר גנים	סגור
לב המושבה	מוהליבר 11, בירידה לחניה	ציבורי	תת קרקעי	 	28	מרכז העיר	פתוח 
לב המושבה	סלור 4, מתחת לבנין	ציבורי	תת קרקעי	 	29	מרכז העיר	פתוח 
לב המושבה	פרופסור שור 1	ציבורי	תת קרקעי	 	30	מרכז העיר	פתוח 
לב המושבה	גולדנהירש 11	ציבורי	תת קרקעי	 	33	מרכז העיר	פתוח 
לב המושבה	אורלוב 8, ליד ביכנ"ס קיבוץ גלויות	ציבורי	תת קרקעי	 	34	מרכז העיר	פתוח 
לב המושבה	מוהליבר 10	בית ספר	תת קרקעי	בי"ס נצח ישראל	 	מרכז העיר	סגור
לב המושבה	סעדיה גאון 8	בית ספר	תת קרקעי	בי"ס פיקא	 	מרכז העיר	סגור
לב המושבה	נורדאו מקס 25	בית ספר	תת קרקעי	בי"ס למרחב בנות	 	מרכז העיר	סגור
לב המושבה	פרנקפורטר 24	גן ילדים	עילי	גן מנדולינה	 	מרכז העיר	סגור
לב המושבה	הראשונים 4	גן ילדים	עילי	גן פרג	 	מרכז העיר	סגור
לב המושבה	ז'בוטינסקי 13	ציבורי	עילי	 	ד118	מרכז העיר	פתוח 
לב המושבה	וולפסון 46	ציבורי	עילי	 	ד124	מרכז העיר	פתוח 
לב המושבה	רמב"ם 29	גן ילדים	עילי	גן סביונים	 	מרכז העיר	סגור
לב המושבה	רופין 5	ציבורי	עילי	 	ד134	מרכז העיר	פתוח 
לב המושבה	ליברמן 1	ציבורי	עילי	 	ד135	מרכז העיר	פתוח 
לב המושבה	המכבים 21	ציבורי	עילי	מחסן מכבים	ד136	מרכז העיר	פתוח 
לב המושבה	סעדיה גאון 15	בית ספר	תת קרקעי	סמינר בית יעקב	 	מרכז העיר	פתוח 
מחנה יהודה	מנחם רצון 26	ציבורי	תת קרקעי	 	21	שעריה	פתוח 
מחנה יהודה	הבעל שם טוב 49	מתנ"ס	תת קרקעי	מתנ"ס לזרוס	22	שעריה	סגור
מחנה יהודה	רחל המשוררת 18	בית ספר	עילי ותת קרקעי	חט"ב בן צבי, ממדים	 	שעריה	סגור
מחנה יהודה	הארי הקדוש 21	גן ילדים	עילי	גן יובל	 	שעריה	סגור
מחנה יהודה	האר"י הקדוש 1	גן ילדים	עילי	גן פלג	 	שעריה	סגור
מחנה יהודה	מגרש מחנה יהודה	ציבורי	עילי	 	ב132	שעריה	פתוח 
משכנות הגנים	שמואל הנגיד 8	בית ספר	תת קרקעי	אולפנת רעות	 	מזרח	סגור
נוה גנים	אמסטרדם 7	בית ספר	עילי	תיכון עמל ב, ממ"דים	 	כפר גנים	סגור
נוה עוז	לוי אשכול 2	בית ספר	עילי ותת קרקעי	בי"ס נוה עוז, מקלט וממ"דים	 	כפר גנים	סגור
נוה עוז	קפלנסקי 1	גן ילדים	עילי	גן פשוש	 	כפר גנים	סגור
נוה עוז	אלכסנדר זייד 42	גן ילדים	עילי	גן סנונית	 	כפר גנים	סגור
נוה עוז	לוי אשכול 20	ציבורי	תת קרקעי	 	40	כפר גנים	פתוח 
נוה עוז	האביב 2	ציבורי	תת קרקעי	 	43	כפר גנים	פתוח 
נווה גן	שלום אש 4	ציבורי	עילי	 	ה53	אם המושבות	פתוח 
נווה גן	אסירי ציון 18	גן ילדים	עילי	גן ילדים	 	אם המושבות	סגור
נווה גן	אהרון כצנלסון 10	גן ילדים	עילי	גן ענבר	 	אם המושבות	סגור
נווה גן	שלום אש 2	ציבורי	עילי	 	ה109	אם המושבות	פתוח 
נווה גנים	קפלן 42	בית ספר	תת קרקעי	ברנקו וייס	 	מרכז העיר	פתוח 
עין גנים	דב גרונר 7	גן ילדים	עילי	גן אופק	 	מזרח	סגור
עין גנים	חדוה רשיש 13	ציבורי	תת קרקעי	 	35	מרכז העיר	פתוח 
עין גנים	כרמלי 22	ציבורי	תת קרקעי	 	47	מרכז העיר	פתוח 
עין גנים	עין גנים 27	בית ספר	תת קרקעי	בי"ס עין גנים	 	מרכז העיר	סגור
עין גנים	חזון איש 4	בית ספר	תת קרקעי	בי"ס שמעוני	 	מרכז העיר	סגור
עין גנים	וולפסון 31	בית ספר	תת קרקעי	בי"ס גורדון	 	מרכז העיר	סגור
עין גנים	כרמלי 20	גן ילדים	עילי	גן חורש/ נוף	 	מרכז העיר	סגור
עמישב	עדש שפיק 2	מתנ"ס	עילי	מתנ"ס עמישב	 	הדר גנים	סגור
עמישב	צפת 32	ציבורי	תת קרקעי	 	6	הדר גנים	פתוח 
עמישב	צלאח שלום 33	בית ספר	עילי	מורשה בנות	 	הדר גנים	סגור
עמישב	עדש שפיק 7	בית ספר	תת קרקעי	מורשה בנים	 	הדר גנים	סגור
עמישב	שבט יששכר 18	ציבורי	תת קרקעי	 	13	הדר גנים	פתוח 
עמישב	טבריה 24	ציבורי	עילי	 	14	הדר גנים	פתוח 
עמישב	שבט נפתלי 4	ציבורי	תת קרקעי	 	50	הדר גנים	פתוח 
עמישב	עזרא ונחמיה פינת אלקלעי	ציבורי	עילי	 	א110	הדר גנים	פתוח 
עמישב	צפת מאחורי 96	ציבורי	עילי	 	א130	הדר גנים	פתוח 
עמישב	צפת מול 24	ציבורי	עילי	 	א65	הדר גנים	פתוח 
עמישב	אלקניאן 14	ציבורי	עילי	 	א66	הדר גנים	פתוח 
עמישב	שבט דן מול 3	ציבורי	עילי	 	א68	הדר גנים	פתוח 
עמישב	צפת 53	ציבורי	עילי	 	א71	הדר גנים	פתוח 
עמישב	גן אלי כהן	ציבורי	עילי	 	א72	הדר גנים	פתוח 
עמישב	צפת מול 106	ציבורי	עילי	 	א73	הדר גנים	פתוח 
עמישב	שבט בנימין מול 20	ציבורי	עילי	 	א74	הדר גנים	פתוח 
עמישב	שבט גד ליד 5	ציבורי	עילי	 	א75	הדר גנים	פתוח 
עמישב	עזרא ונחמיה 20	ציבורי	עילי	 	א131	הדר גנים	פתוח 
עמישב	הגיתית 10	בית ספר	תת קרקעי	אמית בר אילן	 	הדר גנים	פתוח 
פארקטק	באזל	ציבורי	עילי	הפארק הגדול	ו64	תעשיה	פתוח 
צמרת גנים	אהבת ציון 11	ציבורי	תת קרקעי	 	3	שעריה	פתוח 
צמרת גנים	ישראל ישעיהו 10	בית ספר	תת קרקעי	בי"ס פינשטיין 	 	שעריה	סגור
קרול	הבנים 9	בית ספר	תת קרקעי	בי"ס קרול	 	אם המושבות	סגור
קרול	קרימיניצקי 3	גן ילדים	עילי	גן יסמין	 	אם המושבות	סגור
קרול	מבצע קדש 23	ציבורי	עילי	 	ה63	אם המושבות	פתוח 
קרול	רוטשילד 17	גן ילדים	עילי	גן אננס	 	אם המושבות	סגור
קרית אלון	דוד רמז	בית ספר	תת קרקעי	בי"ס קיבוץ גלויות	 	מזרח	סגור
קרית אלון	הותיקים מול 13	ציבורי	עילי	 	ג104	מזרח	פתוח 
קרית אלון	בדר מול קופת חולים	ציבורי	עילי	 	ג121	מזרח	פתוח 
קרית אלון	כיכר ברוש 5	ציבורי	עילי	 	ג94	מזרח	פתוח 
קרית אלון	אחווה 21	ציבורי	עילי	 	ג95	מזרח	פתוח 
קרית אליעזר פרי	המעפילים 16	ציבורי	תת קרקעי	 	4	מזרח	פתוח 
קרית אליעזר פרי	המגינים מול 16 (מול רבינוביץ 10)	ציבורי	תת קרקעי	 	7	מזרח	פתוח 
קרית אליעזר פרי	עין גנים 71	בית ספר	תת קרקעי	חט"ב ברנר	 	מזרח	סגור
קרית אליעזר פרי	המגינים 23	בית ספר	עילי ותת קרקעי	בי"ס אמיר	 	מזרח	סגור
קרית אליעזר פרי	האילנות 7	מתנ"ס	עילי	מתנ"ס עין גנים	 	מזרח	סגור
קרית אליעזר פרי	פוחס 20	ציבורי	עילי	 	ג101	מזרח	פתוח 
קרית אליעזר פרי	עמיצור מול 3	ציבורי	עילי	 	ג115	מזרח	פתוח 
קרית אליעזר פרי	קיבוץ גלויות 11	ציבורי	עילי	 	ג98	מזרח	פתוח 
קרית דוד אלעזר	גרוניגר בחורשה מול אחוה 109	ציבורי	עילי	 	25	מזרח	פתוח 
קרית דוד אלעזר	גרוניגר בחורשה מול אחוה 85	ציבורי	עילי	 	26	מזרח	פתוח 
קרית דוד אלעזר	בחורשה מול בדר 7	ציבורי	עילי	 	27	מזרח	פתוח 
קרית דוד אלעזר	דוד רמז 38	בית ספר	תת קרקעי	תיכון עמל א' (הרב תחומי)	 	מזרח	סגור
קרית דוד אלעזר	דוד רמז 33	מתנ"ס	עילי	מתנ"ס בית מרקו	 	מזרח	סגור
קרית דוד אלעזר	משעול גומס, כניסה מכיוון אחווה 112	ציבורי	תת קרקעי	 	49	מזרח	פתוח 
קרית דוד אלעזר	צמח צדק (גני ילדים)	ציבורי	עילי	 	ג125	מזרח	פתוח 
קרית דוד אלעזר	צמח צדק (גני ילדים)	ציבורי	עילי	 	ג126	מזרח	פתוח 
קרית דוד אלעזר	אחווה 66	גן ילדים	עילי	גן דולב	 	מזרח	סגור
קרית הרב סלומון	יונה גרין 22	ציבורי	תת קרקעי	 	10	מזרח	פתוח 
קרית הרב סלומון	הרב אונטרמן 14	בית ספר	תת קרקעי	בי"ס מ"ד מעלות חיים	 	מזרח	סגור
קרית הרב סלומון	ר' עקיבא פינת אונטרמן	ציבורי	עילי	 	ג103	מזרח	פתוח 
קרית הרב סלומון	הרצוג 37	ציבורי	עילי	 	ג116	מזרח	פתוח 
קרית הרב סלומון	הרצוג 31	ציבורי	עילי	 	ג99	מזרח	פתוח 
קרית מטלון	הצפירה, בתוך המתנס	מתנ"ס	תת קרקעי	מתנ"ס קרית מטלון	39	כפר גנים	סגור
קרית מטלון	רמ"א 17	גן ילדים	עילי	גן יהלום	 	כפר גנים	סגור
קרית מטלון	בירנבוים 18 בקצה הסמטה בגן ילדים	ציבורי	תת קרקעי	 	ז43	כפר גנים	פתוח 
קרית מטלון	של"ג 1	ציבורי	עילי	 	ז113	כפר גנים	פתוח 
קרית מטלון	גוש חלב פינת פקיעין	ציבורי	עילי	 	ז69	כפר גנים	פתוח 
קרית מטלון	פקיעין 23	בית ספר	תת קרקעי	בי"ס יובלים	 	כפר גנים	סגור
קרית מטלון	פקיעין 21	ציבורי	עילי	 	ז133	כפר גנים	פתוח 
רמת ורבר	אנדרסן 8	בית ספר	תת קרקעי	בי"ס אפיק	 	כפר גנים	סגור
רמת ורבר	קפלן 7	בית ספר	עילי ותת קרקעי	בי"ס קפלן, מקלט וממ"דים	 	כפר גנים	סגור
רמת ורבר	הפורצים 18	מתנ"ס	עילי ותת קרקעי	מתנ"ס ורבר, ממ"ד מבנה חדש	 	כפר גנים	סגור
רמת ורבר	הרצפלד 6	ציבורי	תת קרקעי	 	37	כפר גנים	פתוח 
רמת ורבר	אנדרסן 7 (בין הבניינים)	ציבורי	תת קרקעי	 	38	כפר גנים	פתוח 
רמת ורבר	הרצפלד בין בניין 3 לבניין 5	ציבורי	תת קרקעי	 	48	כפר גנים	פתוח 
רמת ורבר	דובנוב 8	ציבורי	עילי	 	ז54	כפר גנים	פתוח 
רמת ורבר	ברל כצלנסון 40	ציבורי	עילי	 	ז111	כפר גנים	פתוח 
רמת ורבר	שרת 9	ציבורי	עילי	 	ז112	כפר גנים	פתוח 
רמת ורבר	ברל כצנלסון פינת דורון	ציבורי	עילי	 	ז114	כפר גנים	פתוח 
רמת ורבר	ז'בוטינסקי 15	ציבורי	עילי	 	ז117	כפר גנים	פתוח 
רמת ורבר	הפלמח 3	ציבורי	עילי	 	ז119	כפר גנים	פתוח 
שיכון הפועל המזרחי 	יוכלמן 3	ציבורי	תת קרקעי	 	11	מזרח	פתוח 
שיכון הפועל המזרחי 	החשמונאים פינת בר יוחאי	ציבורי	עילי	 	ג122	מזרח	פתוח 
שיכון מפ"ם	כץ 57 (בגינת טוסקניני)	ציבורי	תת קרקעי	 	23	שעריה	פתוח 
שיכון מפ"ם	הארז 10	ציבורי	עילי	 	ב61	שעריה	פתוח 
שיכון מפ"ם	הוברמן 8	בית ספר	תת קרקעי	בי"ס הוברמן	 	שעריה	סגור
שיכון מפ"ם	אילת 3	ציבורי	עילי	 	ב127	שעריה	פתוח 
שיפר	שיפר 43	בית ספר	תת קרקעי	בי"ס שיפר	 	מזרח	סגור
שיפר	גולומב 6	גן ילדים	עילי	גן כרמל	 	מזרח	סגור
שיפר	חפוטא 4	בית ספר	עילי	בית יהודה	 	מזרח	פתוח 
שעריה	השופטים 18	ציבורי	תת קרקעי	 	8	שעריה	פתוח 
שעריה	כנסת ישראל 6	ציבורי	תת קרקעי	 	15	שעריה	פתוח 
שעריה	עמוס 12 (גן חללי מינכן)	ציבורי	תת קרקעי	 	24	שעריה	פתוח 
שעריה	אפריים כוכבי פינת הנביאים	ציבורי	תת קרקעי	 	52	שעריה	פתוח 
שעריה	יונה 39	ציבורי	עילי	מחלקת רווחה שעריה	ב56	שעריה	פתוח 
שעריה	החמישה 8	בית ספר	תת קרקעי	בי"ס בית יעקב עיוני	 	שעריה	סגור
שעריה	הרב צעירי 11	בית ספר	תת קרקעי	חט"ב שלום	 	שעריה	סגור
שעריה	תפוצות ישראל 7	בית ספר	עילי ותת קרקעי	בי"ס אורנים 	 	שעריה	סגור
שעריה	רזיאל 10	גן ילדים	עילי	מעון אמונה	 	שעריה	סגור
שעריה	הרב צעירי 15	גן ילדים	עילי	גן עופר	 	שעריה	סגור
שעריה	החמישה 23	עירוני	עילי	בנ"ע/ שירות לתושב	 	שעריה	סגור
שעריה	השופטים פינת רזיאל	ציבורי	עילי	 	ב78	שעריה	פתוח 
שעריה	לח"י 8	ציבורי	עילי	 	ב79	שעריה	פתוח 
שעריה	יונה 3	ציבורי	עילי	 	ב80	שעריה	פתוח 
שעריה	חבקוק מול 13	ציבורי	עילי	 	ב81	שעריה	פתוח 
שעריה	רות מול 19	ציבורי	עילי	 	ב82	שעריה	פתוח 
שעריה	התחיה פינת שלמה	ציבורי	עילי	 	ב83	שעריה	פתוח 
שעריה	החמישה 23	ציבורי	עילי	 	ב84	שעריה	פתוח 
שעריה	חגי 2	ציבורי	עילי	 	ב85	שעריה	פתוח 
שעריה	הנביאים 32	ציבורי	עילי	 	ב88	שעריה	פתוח 
שעריה	הנביאים 89	ציבורי	עילי	 	ב89	שעריה	פתוח 
שעריה	תפוצות ישראל 7	גן ילדים	עילי	גן אוהבים	 	שעריה	סגור
תקומה	חיסין 6	ציבורי	תת קרקעי	 	5	מזרח	פתוח 
תקומה	הרב עוזיאל 16	בית ספר	עילי	בי"ס אלונים	 	מזרח	סגור
תקומה	נחלת צבי 63	גן ילדים	עילי	גן ברבור	 	מזרח	סגור
תקומה	זרח ברנט 18	גן ילדים	עילי	גן הפרח	 	מזרח	סגור
תקומה	פפר 18	ציבורי	עילי	 	ג60	מזרח	פתוח 
תקומה	פפר 18	ציבורי	עילי	 	ג59	מזרח	פתוח 
תקומה	עוזיאל 19	ציבורי	עילי	 	ג102	מזרח	פתוח 
 	הרב עובדיה יוסף	ציבורי	עילי	מגרש הפועל	א67	הדר גנים	פתוח 
 	הרב עובדיה יוסף	ציבורי	עילי	מרכז הכנה לצה"ל	ג63	הדר גנים	פתוח 
 	הרב עובדיה יוסף	ציבורי	עילי	ספורטק סירקין	ג137	 	פתוח 
 	הרב עובדיה יוסף 1	בית ספר	עילי	אולפנית הדר גנים	 	הדר גנים	פתוח 