שם השכונה,מספר מקלט,כתובת,שטח,סוג,נגישות,מס' נפשות,שייכות,קואורדינטות ציר x,קורדינטות ציר y,כתובות למפה,מינהל,שכונה,קטגוריה
בוכרים,מקלט ציבורי מספר 609,ישא ברכה 23,250,מקלט,,200,"עיריית ירושלים, אגף חירום וביטחון",31.79229011,35.2176755,"ישא ברכה 23, ירושלים",,,"הבוכרים - בית ישראל, מקלט ציבורי"
בוכרים,מקלט ציבורי מספר 612,יואל 16,50,מקלט,,40,חסידות קרלין,31.78987955,35.22089024,"יואל 16, ירושלים",,,"הבוכרים - בית ישראל, מקלט ציבורי"
בוכרים,מקלט ציבורי מספר 910,עובדיה 22,100,מקלט,,80,בית ברכה - שייך לחסידות קרלין,31.79171933,35.21486308,"עובדיה 22, ירושלים",,,"הבוכרים - בית ישראל, מקלט ציבורי"
בית הכרם,מקלט ציבורי מספר 744,הבנאי 4,170,מקלט,,136,"עיריית ירושלים, אגף חירום וביטחון",31.77512976,35.19041839,"הבנאי 4, ירושלים",,,"בית הכרם, מקלט ציבורי"
בית הכרם,מקלט ציבורי מספר 745,הבנאי 30,170​,מקלט,,136,"עיריית ירושלים, אגף חירום וביטחון",31.7775352,35.1922193,"הבנאי 30, ירושלים",,,"בית הכרם, מקלט ציבורי"
בית וגן,מקלט ציבורי מספר 742,שערי תורה 7,270,מקלט,,216,"עיריית ירושלים, אגף חירום וביטחון",31.76591212,35.18298046,"שערי תורה 7, ירושלים",,,"בית וגן, מקלט ציבורי"
בית וגן,מקלט ציבורי מספר 743,בית וגן 39,115​,מקלט,,92,"עיריית ירושלים, אגף חירום וביטחון",31.76926455,35.18451955,"בית וגן 39, ירושלים",בית וגן - 60,בית וגן,"בית וגן, מקלט ציבורי"
בית ישראל,​מקלט ציבורי מספר 908,שמשון פולנסקי 22,100,מקלט,,80,מינהל קהילתי בוכרים,31.79208743,35.2232357,"שמשון פולנסקי 22, ירושלים",,,"הבוכרים - בית ישראל, מקלט ציבורי"
בית ישראל,מקלט ציבורי מספר 841,יואל 25,100​,מקלט,,80,בית כנסת מוסיוף,31.79120318,35.22139609,"יואל 25, ירושלים",,,"הבוכרים - בית ישראל, מקלט ציבורי"
בקעה,​מקלט ציבורי מספר 984,​יעל 11,160,מקלט,,128,"עיריית ירושלים, אגף תרבות, בית יעל",31.76190746,35.2212796,"​​​​​יעל 11, ירושלים",,,"בקעה, מקלט ציבורי"
בקעה,​מקלט ציבורי מספר 980,​רבקה 22,100,מקלט,,80,"עיריית ירושלים, אגף חירום וביטחון",31.7551778,35.21700545,"​רבקה 22, ירושלים",,,"בקעה, מקלט ציבורי"
בקעה,מקלט ציבורי מספר ​995,​לוי 3,100,מקלט,,80,מינהל קהילתי בקעה,31.75755932,35.220897,"לוי 3, ירושלים",,,"בקעה, מקלט ציבורי"
בקעה,מקלט ציבורי מספר 682,ראובן 14,​135,מקלט,,108,"עיריית ירושלים, אגף חירום וביטחון",31.75951784,35.2188286,"ראובן 14, ירושלים",,,"בקעה, מקלט ציבורי"
בקעה,מקלט ציבורי מספר 683,דרך חברון 54,170,מקלט,,136,"עיריית ירושלים, אגף חירום וביטחון",31.76002206,35.2235262,"דרך חברון 54, ירושלים",,,"בקעה, מקלט ציבורי"
בקעה,מקלט ציבורי מספר 684,אסתר המלכה 6,​295,מקלט,,236,"עיריית ירושלים, אגף חירום וביטחון",31.75916119,35.2229651,"אסתר המלכה 6, ירושלים",,,"בקעה, מקלט ציבורי"
בקעה,מקלט ציבורי מספר 685,מרדכי היהודי 6,200,מקלט,,160,"עיריית ירושלים, אגף חירום וביטחון",31.75722449,35.22199465,"מרדכי היהודי 6, ירושלים",,,"בקעה, מקלט ציבורי"
בקעה,מקלט ציבורי מספר 836,​מנשה 27,100,מקלט,,80,"עיריית ירושלים, אגף חירום וביטחון",31.75968621,35.21989257,"​מנשה 27, ירושלים",,,"בקעה, מקלט ציבורי"
בקעה,מקלט ציבורי מספר 681,אפרים 8,100,מקלט,,80,"עיריית ירושלים, אגף חירום וביטחון",31.75959347,35.2189683,"אפרים 8, ירושלים",,,"בקעה, מקלט ציבורי"
גאולה,מקלט ציבורי מספר ​621,הושע 8,100,מקלט,,80,"עיריית ירושלים, אגף חירום וביטחון",31.78971852,35.2196259,"הושע 8, ירושלים",,,"גאולה, מקלט ציבורי"
גאולה,מקלט ציבורי מספר 637 - מקלט נגיש,נחמן מברלסב 18,100,מקלט,מקלט נגיש,80,"עיריית ירושלים, אגף חירום וביטחון",31.7877374,35.21997837,"נחמן מברלסב 18, ירושלים",,,"גאולה, מקלט ציבורי, מקלט נגיש"
גאולה,מקלט ציבורי מספר 830,צפניה 25,100,מקלט,,80,מינהל קהילתי בוכרים,31.7915136,35.21721693,"צפניה 25, ירושלים",,,"גאולה, מקלט ציבורי"
גאולה,מקלט ציבורי מספר 904,הזית 7,125,מקלט,,100,עיריית ירושלים - אגף התברואה,31.79038842,35.2112935,"הזית 7, ירושלים",,,"גאולה, מקלט ציבורי"
גבעת הורדים (רסקו),מקלט ציבורי מספר 715,דוד שמעוני 52,180,מקלט,,144,"עיריית ירושלים, אגף חירום וביטחון",31.76136372,35.20108822,"דוד שמעוני 52, ירושלים",,,"רסקו - גבעת הורדים, מקלט ציבורי"
גבעת הורדים (רסקו),מקלט ציבורי מספר 949,הטייסים 33,100,מקלט,,80,מינהל קהילתי גינות העיר,31.76547348,35.20729202,"הטייסים 33, ירושלים",,,"רסקו - גבעת הורדים, מקלט ציבורי"
גבעת שאול,מקלט ציבורי מספר 808,נג'ארה ישראל 27,100,מקלט,,80,מינהל קהילתי מיתרים,31.79066778,35.19194561,"רבי ישראל נג'ארה 27, ירושלים",,,"גבעת שאול, מקלט ציבורי"
הגבעה הצרפתית,מקלט ציבורי מספר 998,אבא ברדיצב 6,100,מקלט,,80,"עיריית ירושלים, אגף חירום וביטחון",31.80571068,35.24163187,"אבא ברדיצ'ב 6, ירושלים",,,"הגבעה הצרפתית, מקלט ציבורי"
המושבה הגרמנית,מקלט ציבורי מספר 695,אמציה 2,250,מקלט,,200,"בית כנסת חב""ד",31.76231446,35.21556613,"אמציה 2, ירושלים",,,"המושבה הגרמנית, מקלט ציבורי"
זכרון משה,מקלט ציבורי מספר 928,פרי חדש 8,130,מקלט,,104,"""עמותת ""אור לאה",31.78741269,35.21757937,"פרי חדש 8, ירושלים",,,"מרכז העיר, מקלט ציבורי"
טלביה,מקלט ציבורי מספר 807,דישראלי בנימין 7,115,מקלט,,92,"עיריית ירושלים, אגף חירום וביטחון",31.77014346,35.21700218,"בנימין ד'ישראלי 7, ירושלים",,,"טלביה - קוממיות, מקלט ציבורי"
מאה שערים,מקלט ציבורי מספר 632,מאה שערים 87,80,מקלט,,64,"עיריית ירושלים, אגף חירום וביטחון",31.78581751,35.22459891,"מאה שערים 87, ירושלים",,,"מאה שערים, מקלט ציבורי"
מורשה,מקלט ציבורי מספר 751,"הע""ח 10",100,מקלט,,80,בית ספר לצילום מוסררה,31.78310141,35.22640407,"הע""ח 10, ירושלים",,,"מוסררה - מורשה, מקלט ציבורי"
מורשה,מקלט ציבורי מספר 752,"הע""ח 21",100,מקלט,,80,בית ספר לצילום מוסררה,31.78155416,35.22677275,"הע""ח 21, ירושלים",,,"מוסררה - מורשה, מקלט ציבורי"
מורשה,מקלט ציבורי מספר 753,חיל הנדסה 16,100,מקלט,,80,מינהל קהילתי אשכולות,31.78579592,35.2270983,"חיל ההנדסה 16, ירושלים",,,"מוסררה - מורשה, מקלט ציבורי"
מחנה יהודה,מקלט ציבורי מספר 648,נהר פרת 15,236,מקלט,,188,"עיריית ירושלים, אגף חירום וביטחון",31.78336583,35.20939807,"נהר פרת 15, ירושלים",,,"מרכז העיר, מקלט ציבורי"
מחנה יהודה,מקלט ציבורי מספר 821,עיניים למשפט 24,120,מקלט,,96,מינהל קהילתי לב העיר,31.78299762,35.2136024,"עיניים למשפט 24, ירושלים",,,"מרכז העיר, מקלט ציבורי"
מחנה יהודה,מקלט ציבורי מספר 935,באר שבע 28,170,מקלט,,136,בית כנסת קהילתי,31.7827654,35.21055875,"באר שבע 28, ירושלים",,,"מרכז העיר, מקלט ציבורי"
מחנה יהודה,מקלט ציבורי מספר 961,אבן ספיר 17,100,מקלט,,80,"""תנועת הנוער ""אריאל",31.78076286,35.21112847,"אבן ספיר 17, ירושלים",,,"מרכז העיר, מקלט ציבורי"
מנחת-מלחה,מקלט ציבורי מספר 813,קדושי סטרומה 7,120,מקלט,,96,עיריית ירושלים - החט' לקידום נוער (קבוצת הגנה עצמית+להקה כורדית),31.7556061,35.1832669,"קדושי סטרומה 7, ירושלים",,,"מלחה, מקלט ציבורי"
מקור ברוך,מקלט ציבורי מספר 641,כפר נחום 25,180,מקלט,,144,"""עמותת ""המאור נתיב קודש",31.78927688,35.21424313,"כפר נחום 25, ירושלים",,,"מקור ברוך, מקלט ציבורי"
מקור ברוך,מקלט ציבורי מספר 643,מלכי ישראל 73,400,מקלט,,320,"עיריית ירושלים, אגף חירום וביטחון",31.790598,35.21084562,"מלכי ישראל 73, ירושלים",,,"מקור ברוך, מקלט ציבורי"
מקור ברוך,מקלט ציבורי מספר 812,"רש""י 109",110,מקלט,,88,"עיריית ירושלים, אגף חירום וביטחון",31.78892912,35.20733752,"רש""י 109, ירושלים",,,"מקור ברוך, מקלט ציבורי"
מקור ברוך,מקלט ציבורי מספר 839,"תשב""ץ 14",100,מקלט,,80,"עיריית ירושלים, אגף חירום וביטחון",31.78743779,35.20879377,"תשב""ץ 14, ירושלים",,,"מקור ברוך, מקלט ציבורי"
מקור ברוך,מקלט ציבורי מספר 909,יהודה המכבי 7,120,מקלט,,96,"עיריית ירושלים, אגף תרבות, גלריית תואר",31.78882674,35.20942097,"יהודה המכבי 7, ירושלים",,,"מקור ברוך, מקלט ציבורי"
מרכז העיר,מקלט ציבורי מספר 639,פינס מיכל 2,250,מקלט,,200,דגל ירושלים,31.78596058,35.21521827,"יחיאל מיכל פינס 2, ירושלים",,,"מרכז העיר, מקלט ציבורי"
מרכז העיר,מקלט ציבורי מספר 932,הגלבוע 38,100,מקלט,,80,מינהל קהילתי לב העיר,31.78310575,35.21285728,"הגלבוע 38, ירושלים",,,"מרכז העיר, מקלט ציבורי"
מרכז העיר,מקלט ציבורי מספר 973,הרב אבידע 5,100,מקלט,,80,"עיריית ירושלים, מנח""י, החט' לקידום נוער, בי""ס לדרמה",31.77791035,35.21665559,"הרב אבידע 5, ירושלים",,,"מרכז העיר, מקלט ציבורי"
מרכז העיר,מקלט ציבורי מספר 974,שמואל הנגיד 9,100,מקלט,,80,"עיריית ירושלים, מנח""י, החט' לקידום נוער",31.77988294,35.2147312,"שמואל הנגיד 9, ירושלים",,,"מרכז העיר, מקלט ציבורי"
מרכז העיר,מקלט ציבורי מספר 985,שטראוס 13,50,מקלט,,40,"עמותת ""חלק ממני ברכה וחסד""-סיוע לנזקקים",31.78547133,35.21869972,"נתן שטראוס 13, ירושלים",,,"מרכז העיר, מקלט ציבורי"
נווה שאנן,מקלט ציבורי מספר 939 - מקלט נגיש,נוה שאנן 17,100,מקלט,מקלט נגיש,80,"עיריית ירושלים, אגף תרבות, תיאטרון קומקום",31.77218105,35.20100356,"נווה שאנן 17, ירושלים",,,"נווה שאנן, מקלט נגיש, מקלט ציבורי"
נחלאות,מקלט ציבורי מספר 657,צפת 21,500,מקלט,,400,"""עיריית ירושלים- אגף חברה, תנועת הנוער ""אריאל",31.77968218,35.21119735,"צפת 21, ירושלים",,,"נחלאות - לב העיר, מקלט ציבורי"
סנהדריה,מקלט ציבורי מספר 602,הסנהדרין 6,100,מקלט,,80,ישיבת חסידי מודזיץ,31.79755634,35.21872527,"הסנהדרין 6, ירושלים",,,"סנהדריה, מקלט ציבורי"
עין כרם,מקלט ציבורי מספר 903,חומת הצלפים 82,120,מקלט,,96,"עיריית ירושלים, אגף חירום וביטחון",31.76842599,35.16359315,"חומת הצלפים 82, ירושלים",עין כרם - 488,יובלים,"עין כרם, מקלט ציבורי"
עיר גנים,מקלט ציבורי מספר 726,הנורית 123,350,מקלט,,280,"עיריית ירושלים, אגף חירום וביטחון",31.75304368,35.17212095,"הנורית 123, ירושלים",,,"עיר גנים, מקלט ציבורי"
עיר גנים,מקלט ציבורי מספר 726ב',הנורית 125,120,מקלט,,96,"עיריית ירושלים, אגף חירום וביטחון",31.75252344,35.171552,"הנורית 125, ירושלים",,,"עיר גנים, מקלט ציבורי"
עיר גנים,מקלט ציבורי מספר 727,הנורית 104 (34),185,מקלט,,148,"עיריית ירושלים, אגף חירום וביטחון",31.75457225,35.17056825,"הנורית 104, ירושלים",,,"עיר גנים, מקלט ציבורי"
עיר גנים,מקלט ציבורי מספר 728,הנורית 102 (32),185,מקלט,,148,"עיריית ירושלים, אגף חירום וביטחון",31.754851,35.17017787,"הנורית 102, ירושלים",,,"עיר גנים, מקלט ציבורי"
עיר גנים,מקלט ציבורי מספר 829,הרקפת 9,100,מקלט,,32,"""בית כנסת ""חי טייב",31.75350048,35.166039,"הרקפת 9, ירושלים",,,"עיר גנים, מקלט ציבורי"
עיר גנים,מקלט ציבורי מספר 840 - מקלט נגיש,קוסטה ריקה 70,100,מקלט,מקלט נגיש,32,"בית חב""ד",31.75303908,35.16703205,"קוסטה ריקה 70, ירושלים",,,"עיר גנים, מקלט נגיש, מקלט ציבורי"
עיר גנים,מקלט ציבורי מספר 901,איסלנד 13,150,מקלט,,120,"""בית הכנסת ""דוד משה",31.75927128,35.16653153,"איסלנד 13, ירושלים",,,"עיר גנים, מקלט ציבורי"
עיר גנים,מקלט ציבורי מספר 902,הנורית 29,250,מקלט,,200,"עיריית ירושלים, אגף חברה, תנועת עזרא",31.75487408,35.16903666,"הנורית 29, ירושלים",,,"עיר גנים, מקלט ציבורי"
עיר גנים,מקלט ציבורי מספר 905,הנרד 1,138,מקלט,,110,"""תנועת הנוער ""עזרא",31.75717138,35.1708159,"הנרד 1, ירושלים",,,"עיר גנים, מקלט ציבורי"
עיר גנים,מקלט ציבורי מספר 726א',הנורית 124,120,מקלט,,80,"עיריית ירושלים, אגף חירום וביטחון",31.75270968,35.17106527,"הנורית 124, ירושלים",,,"עיר גנים, מקלט ציבורי"
עמק רפאים,מקלט ציבורי מספר 670,בוסתנאי 9,140,מקלט,,112,"עיריית ירושלים, אגף חירום וביטחון",31.76565605,35.21287922,"בוסתנאי 9, ירושלים",,,"המושבה הגרמנית, מקלט ציבורי"
עמק רפאים,מקלט ציבורי מספר 672,רות 10,150,מקלט,,120,"עיריית ירושלים, אגף חירום וביטחון",31.76506375,35.21736907,"רות 10, ירושלים",מושבה גרמנית - 520,גינות העיר,"המושבה הגרמנית, מקלט ציבורי"
עמק רפאים,מקלט ציבורי מספר 673,מלל 3,114,מקלט,,91,"עיריית ירושלים, אגף חירום וביטחון",31.78075326,35.21629892,"מלל 3, ירושלים",,,"המושבה הגרמנית, מקלט ציבורי"
עמק רפאים,מקלט ציבורי מספר 674,באכר 7,150,מקלט,,120,"עיריית ירושלים, אגף חירום וביטחון",31.76617023,35.218209,"באכר 7, ירושלים",,,"המושבה הגרמנית, מקלט ציבורי"
עמק רפאים,מקלט ציבורי מספר 676,אמיל זולא 6,100,מקלט,,80,"עיריית ירושלים, אגף חירום וביטחון",31.76455263,35.22099657,"אמיל זולא 6, ירושלים",,,"המושבה הגרמנית, מקלט ציבורי"
עמק רפאים,מקלט ציבורי מספר 677,וינדהם דידס 6,290,מקלט,,232,"עיריית ירושלים, אגף חירום וביטחון",31.76403005,35.22126489,"וינדהם דידס 6, ירושלים",,,"המושבה הגרמנית, מקלט ציבורי"
עמק רפאים,מקלט ציבורי מספר 693,יותם 9,170,מקלט,,136,"עיריית ירושלים, אגף חירום וביטחון",31.76274013,35.21468592,"יותם 9, ירושלים",,,"המושבה הגרמנית, מקלט ציבורי"
עמק רפאים,מקלט ציבורי מספר 697,עמק רפאים 68,160,מקלט,,128,"עיריית ירושלים, אגף חירום וביטחון",31.760935007382873,35.215828074320804,"עמק רפאים 68, ירושלים",,,"המושבה הגרמנית, מקלט ציבורי"
עמק רפאים,מקלט ציבורי מספר 804,המליץ 8,100,מקלט,,80,"עיריית ירושלים, אגף חירום וביטחון",31.76488511,35.21965502,"המליץ 8, ירושלים",,,"המושבה הגרמנית, מקלט ציבורי"
קטמון,מקלט ציבורי מספר 702,חלפתא 12,380,מקלט,,304,"עיריית ירושלים, אגף חירום וביטחון",31.75967715,35.20753835,"רבי חלפתא 12, ירושלים",,,"קטמון, מקלט ציבורי"
קטמון,מקלט ציבורי מספר 718 - מקלט נגיש,רבי צדוק 6,120,מקלט,מקלט נגיש,96,מינהל קהילתי גוננים,31.75450818,35.19382965,"רבי צדוק 6, ירושלים",,,"קטמון, מקלט ציבורי, מקלט נגיש"
קטמון,מקלט ציבורי מספר 755,דב הוז 3,100,מקלט,,80,"עיריית ירושלים, אגף חירום וביטחון",31.75640292,35.19666642,"דב הוז 3, ירושלים",גוננים - 156,גוננים,"קטמון, מקלט ציבורי"
קטמון,מקלט ציבורי מספר 756,סן מרטין 1,100,מקלט,,80,"""תנועת נוער ""תורה בציון צדק",31.75628558,35.1946299,"חוזה סן מרטין 1, ירושלים",,,"קטמון, מקלט ציבורי"
קטמון,מקלט ציבורי מספר 757,השומר 5,100,מקלט,,80,"עיריית ירושלים, החט' לקידום נוער וצעירים (מועדון נוער)",31.75571857,35.19787365,"השומר 5, ירושלים",,,"קטמון, מקלט ציבורי"
קטמון,מקלט ציבורי מספר 805,יורדי הסירה 21,370,מקלט,,296,"עיריית ירושלים, אגף חירום וביטחון",31.76235525,35.21082471,"יורדי הסירה 21, ירושלים",,,"קטמון, מקלט ציבורי"
קטמון,מקלט ציבורי מספר 817,בן גמלא יהושע 7,120,מקלט,,96,"מינהל קהילתי, גינות העיר",31.76077592,35.21231381,"יהושע בן גמלא 7, ירושלים",קטמון הישנה - 152,גינות העיר,"קטמון, מקלט ציבורי"
קטמון,מקלט ציבורי מספר 824,"רשב""ג 31",150,מקלט,,120,"עיריית ירושלים, אגף תרבות, תיאטרון מיקרו",31.7554334,35.2086146,"רשב""ג 32-30, ירושלים",,,"קטמון, מקלט ציבורי"
קטמון,מקלט ציבורי מספר 825,אלעזר בן יאיר 24,150,מקלט,,120,"""תנועת הנוער ""אריאל",31.75360963,35.20166873,"אלעזר בן יאיר 24, ירושלים",,,"קטמון, מקלט ציבורי"
קטמון,מקלט ציבורי מספר 828,הרב חסדא 10,100,מקלט,,80,מועדון איגרוף,31.75971235,35.21328746,"רבי חסדא 10, ירושלים",,,"קטמון, מקלט ציבורי"
קטמון,מקלט ציבורי מספר 831,דב הוז 7,150,מקלט,,120,"עיריית ירושלים, אגף תרבות, קשת אומנויות",31.7562636,35.1954492,"דב הוז 7, ירושלים",,,"קטמון, מקלט ציבורי"
קטמון,מקלט ציבורי מספר 842 - מקלט נגיש,בר יוחאי 8,174,מקלט,מקלט נגיש,139,בית כנסת לעולי העדה האתיופית,31.75311816,35.19538627,"בר יוחאי 8, ירושלים",,,"קטמון, מקלט ציבורי, מקלט נגיש"
קטמון,מקלט ציבורי מספר 906,בר יוחאי 2,100,מקלט,,80,"""בית כנסת ""גל אברהם",31.75430501,35.19884543,"בר יוחאי 2, ירושלים",,,"קטמון, מקלט ציבורי"
קטמון,מקלט ציבורי מספר 923,אלעזר המודעי 15,100,מקלט,,80,"עיריית ירושלים, אגף חירום וביטחון",31.76199993734908,35.21387974927489,"אלעזר המודעי 15, ירושלים",,,"קטמון, מקלט ציבורי"
קטמון,מקלט ציבורי מספר 937,חזקיהו המלך 38,100,מקלט,,80,"עיריית ירושלים, אגף חירום וביטחון",31.76174784,35.20969289,"חזקיהו המלך 38, ירושלים",,,"גוננים - קטמונים, מקלט ציבורי"
קטמון,מקלט ציבורי מספר 965,יצחק שדה 7,100,מקלט,,80,"""בית כנסת ""חבצלת השרון",31.75373649,35.19636583,"יצחק שדה 7, ירושלים",,,"גוננים - קטמונים, מקלט ציבורי"
קטמון,מקלט ציבורי מספר 967,אנטיגונוס 7,100,מקלט,,80,תנועת אריאל,31.75888667,35.209264,"אנטיגנוס 4, ירושלים",,,"גוננים - קטמונים, מקלט ציבורי"
קטמון,מקלט ציבורי מספר 969,יוסי בן יועזר 16,100,מקלט,,80,"עיריית ירושלים, אגף הספורט",31.75687008,35.20875076,"יוסי בן יועזר 16, ירושלים",,,"גוננים - קטמונים, מקלט ציבורי"
קטמון,מקלט ציבורי מספר 976 - מקלט נגיש,אלמליח אברהם 41,50,מקלט,מקלט נגיש,40,"עיריית ירושלים, אגף חירום וביטחון",31.75536971,35.19197755,"אלמליח אברהם 41, ירושלים",,,"גוננים - קטמונים, מקלט ציבורי, מקלט נגיש"
קטמון,מקלט ציבורי מספר 981,אלמליח אברהם 27,50,מקלט,,40,"עיריית ירושלים, אגף חברה - צופים",31.75434157,35.1920082,"אברהם אלמליח 27, ירושלים",,,"גוננים - קטמונים, מקלט ציבורי"
קטמון,מקלט ציבורי מספר 987 - מקלט נגיש,יוחנן בן זכאי 38,100,מקלט,מקלט נגיש,80,"""בית כנסת ""אוהל משה",31.75922677,35.2089806,"יוחנן בן זכאי 38, ירושלים",,,"גוננים - קטמונים, מקלט ציבורי, מקלט נגיש"
קטמון הישנה,מקלט ציבורי מספר 671 - מקלט נגיש,"כ""ט בנובמבר 22",160,מקלט,מקלט נגיש,128,"עיריית ירושלים, אגף חירום וביטחון",31.76616707,35.21380395,"כ""ט בנובמבר 22, ירושלים",,,"קטמון הישנה, מקלט נגיש, מקלט ציבורי"
קטמון הישנה,מקלט ציבורי מספר 696,ריש לקיש 3,164,מקלט,,131,"עיריית ירושלים, אגף חירום וביטחון",31.76129246,35.21325687,"ריש לקיש 3, ירושלים",,,"קטמון הישנה, מקלט ציבורי"
קטמון הישנה,מקלט ציבורי מספר 703,יוחנן בן זכאי 53,170,מקלט,,136,"""בית כנסת ""זכות אבות",31.7563287,35.20489024,"רבן יוחנן בן זכאי 53, ירושלים",,,"קטמון הישנה, מקלט ציבורי"
קריית היובל,מקלט ציבורי מספר 721,אורוגוואי 29,130,מקלט,,104,"עיריית ירושלים, אגף בריאות הציבור, מינהל קהילה",31.75547995,35.17732316,"אורוגואי 29, ירושלים",,,"קריית יובל, מקלט ציבורי"
קריית היובל,מקלט ציבורי מספר 722,שטרן אברהם 67,130,מקלט,,104,"עיריית ירושלים, אגף חירום וביטחון",31.75637467,35.17666523,"אברהם שטרן 67, ירושלים",,,"קריית יובל, מקלט ציבורי"
קריית היובל,מקלט ציבורי מספר 723- מקלט נגיש,שטרן אברהם 51,130,מקלט,מקלט נגיש,104,"עיריית ירושלים, אגף חירום וביטחון",31.75424528,35.17664425,"אברהם שטרן 51, ירושלים",,,"קריית יובל, מקלט נגיש, מקלט ציבורי"
קריית היובל,מקלט ציבורי מספר 724,וולטה העלית 9,90,מקלט,,72,"עיריית ירושלים, אגף חירום וביטחון",31.75837336,35.17758566,"וולטה עילית 9, ירושלים",,,"קריית יובל, מקלט ציבורי"
קריית היובל,מקלט ציבורי מספר 736,צ'ילה 8,200,מקלט,,160,מינהל קהילתי יובלים,31.76074271,35.1704658,"צ'ילה 8, ירושלים",,,"קריית יובל, מקלט ציבורי"
קריית היובל,מקלט ציבורי מספר 737 - מקלט נגיש,יאנוש קורצ'אק 32,150,מקלט,מקלט נגיש,120,"""בית כנסת ""משכן מרדכי",31.76016281,35.1720983,"יאנוש קורצ'אק 32, ירושלים",,,"קריית יובל, מקלט ציבורי, מקלט נגיש"
קריית היובל,מקלט ציבורי מספר 738,אנילביץ 78,90,מקלט,,72,"""תנועת הנוער ""בני עקיבא",31.76217764,35.17317009,"אנילביץ' 78, ירושלים",,,"קריית יובל, מקלט ציבורי"
קריית היובל,מקלט ציבורי מספר 739,שמורק 3,90,מקלט,,72,"עיריית ירושלים, אגף חברה תנועת נוער השומר הצעיר",31.76613405,35.17604607,"א.מ. שמורק 3, ירושלים",,,"קריית יובל, מקלט ציבורי"
קריית היובל,מקלט ציבורי מספר 814,וולטה עלית 3,130,מקלט,,104,מינהל קהילתי יובלים,31.75925474,35.17712367,"וולטה עילית 3, ירושלים",,,"קריית יובל, מקלט ציבורי"
קריית היובל,מקלט ציבורי מספר 814א,וולטה העלית 3,130,מקלט,,104,מינהל קהילתי יובלים- בית הקהילות,31.75925474,35.17712367,"וולטה עילית 3, ירושלים",,,"קריית יובל, מקלט ציבורי"
קריית היובל,מקלט ציבורי מספר 815,רבינוביץ אהרון 2,168,מקלט,,134,מכון למוסיקה,31.7653248,35.1752983,"אהרון רבינוביץ' 2, ירושלים",,,"קריית יובל, מקלט ציבורי"
קריית היובל,מקלט ציבורי מספר 815א,רבינוביץ אהרון 2,170,מקלט,,136,"""בית הכנסת ""יד אבי",31.76531568,35.1752983,"רבינוביץ אהרון 2, ירושלים",,,"קריית יובל, מקלט ציבורי"
קריית היובל,מקלט ציבורי מספר 963,זנגויל ישראל 11,100,מקלט,,80,"""בית הכנסת ""שיח ישראל",31.76583584,35.1773224,"ישראל זנגוויל 11, ירושלים",,,"קריית יובל, מקלט ציבורי"
קריית היובל,מקלט ציבורי מספר 964,מאיר גרונולד 8,180,מקלט,,144,"עיריית ירושלים, אגף חירום וביטחון",31.75728607,35.1760216,"מאיר גרונולד 8, ירושלים",,,"קריית יובל, מקלט ציבורי"
קריית היובל,מקלט ציבורי מספר 983 - מקלט נגיש,גורדון 10,100,מקלט,מקלט נגיש,80,"""תנועת הנוער ""עזרא",31.76657686,35.17703862,"א.ד. גורדון 10, ירושלים",,,"קריית יובל, מקלט נגיש, מקלט ציבורי"
קריית היובל,מקלט ציבורי מספר 992,אטינגר 19,100,מקלט,,80,"עיריית ירושלים, אגף חירום וביטחון",31.76325667,35.1774812,"מעלות יצחק צבי אטינגר 19, ירושלים",,,"קריית יובל, מקלט ציבורי"
קריית היובל,מקלט ציבורי מספר 993,קליינמן 3,100,מקלט,,80,"עיריית ירושלים, אגף תרבות, תיאטרון משומשו",31.76409128,35.1746754,"משה קליינמן 3, ירושלים",,,"קריית יובל, מקלט ציבורי"
קריית מנחם,מקלט ציבורי מספר 729,דהומיי 7,250,מקלט,,200,מינהל קהילתי גנים,31.75615742,35.1658768,"דהומיי 7, ירושלים",,,"קריית מנחם, מקלט ציבורי"
קריית מנחם,מקלט ציבורי מספר 730,דהומי 3,196,מקלט,,156,"בית הכנסת ""מגן דוד",31.75696437,35.16699617,"דהומיי 3, ירושלים",,,"קריית מנחם, מקלט ציבורי"
קריית מנחם,מקלט ציבורי מספר 734 - מקלט נגיש,איסלנד 17,130,מקלט,מקלט נגיש,104,"עיריית ירושלים, אגף חירום וביטחון",31.75967074,35.16537727,"איסלנד 17, ירושלים",,,"קריית מנחם, מקלט נגיש, מקלט ציבורי"
קריית מנחם,מקלט ציבורי מספר 734א - מקלט נגיש,איסלנד 17,170,מקלט,מקלט נגיש,136,"עיריית ירושלים, אגף חירום וביטחון",31.759495,35.165392,"איסלנד 17, ירושלים",,,"קריית מנחם, מקלט נגיש, מקלט ציבורי"
קריית מנחם,מקלט ציבורי מספר 803 - מקלט נגיש,הנריטה סולד 17,113,מקלט,מקלט נגיש,90,"ישיבת ""דרכי חיים"" (חדר אוכל)",31.75954196,35.16691162,"הנרייטה סולד 10, ירושלים",,,"קריית מנחם, מקלט ציבורי, מקלט נגיש"
קריית מנחם,מקלט ציבורי מספר 827,מקסיקו 4,100,מקלט,,80,"""תנועת הנוער ""אריאל",31.75968527,35.16888777,"מקסיקו 4, ירושלים",,,"קריית מנחם, מקלט ציבורי"
קריית משה,מקלט ציבורי מספר 978,הרב צבי יהודה 13,100,מקלט,,80,מינהל קהילתי מיתרים,31.7875375,35.19555009,"יצחק בן דור 13, ירושלים",,,"קריית משה, מקלט ציבורי"
קריית שמואל,מקלט ציבורי מספר 667,"הפלמ""ח 22",180,מקלט,,144,"עיריית ירושלים, אגף חירום וביטחון",31.7674871,35.21104393,"הפלמ""ח 22, ירושלים",,,"קריית שמואל, מקלט ציבורי"
קריית שמואל,מקלט ציבורי מספר 971 - מקלט נגיש,"הפלמ""ח 16",100,מקלט,מקלט נגיש,80,מינהל קהילתי גינות העיר,31.76784826,35.2120205,"הפלמ""ח 16, ירושלים",,,"קריית שמואל, מקלט נגיש, מקלט ציבורי"
קריית משה,מקלט ציבורי מספר 977,גת 23,100​,מקלט,,80,מינהל קהילתי מיתרים,31.78641411,35.1973343,"גת 23, ירושלים",,,"קריית משה, מקלט ציבורי"
רוממה,מקלט ציבורי מספר 606,פנינה 1,80,מקלט,,64,"עיריית ירושלים, אגף חירום וביטחון",31.79562485,35.21447235,"פנינה 1, ירושלים",,,"רוממה, מקלט ציבורי"
רוממה,מקלט ציבורי מספר 750,זכרון יעקב 5,130,מקלט,,104,מינהל קהילתי רוממה,31.79611804,35.20083957,"זכרון יעקב 5, ירושלים",,,"רוממה, מקלט ציבורי"
רוממה,מקלט ציבורי מספר 933,"המ""ג 38",100,מקלט,,80,"""עמותת ""לב מלכה",31.79601192,35.1991455,"המ""ג 38, ירושלים",,,"רוממה, מקלט ציבורי"
רוממה,מקלט ציבורי מספר 975א,זיכרון יעקב 15,50,מקלט,,40,"עיריית ירושלים, אגף חירום וביטחון",31.79447697,35.2017481,"זכרון יעקב 15, ירושלים",,,"רוממה, מקלט ציבורי"
רוממה,מקלט ציבורי מספר 975ב,זיכרון יעקב 17,50,מקלט,,40,"""עמותת ""דרכי מרים",31.79422545,35.20202255,"זכרון יעקב 17, ירושלים",,,"רוממה, מקלט ציבורי"
רוממה,מקלט ציבורי מספר 975ג,זכרון יעקב 19,50,מקלט,,40,"""עמותת ""לב מלכה",31.79395477,35.20219002,"זכרון יעקב 19, ירושלים",,,"רוממה, מקלט ציבורי"
רוממה,מקלט ציבורי מספר 975ד,זכרון יעקב 21,50,מקלט,,40,"עיריית ירושלים, אגף חירום וביטחון",31.79353551,35.20219698,"זכרון יעקב 21, ירושלים",,,"רוממה, מקלט ציבורי"
רוממה,מקלט ציבורי מספר 979 - מקלט נגיש,זכרון יעקב 10,100,מקלט,מקלט נגיש,80,"""בית כנסת ""חניכי הישיבות רוממה",31.79507382,35.20108273,"זכרון יעקב 10, ירושלים",,,"רוממה, מקלט נגיש, מקלט ציבורי"
רחביה,מקלט ציבורי מספר 658,אבן עזרא 13,80,מקלט,,64,"עיריית ירושלים, אגף חירום וביטחון",31.7756014,35.2141171,"אבן עזרא 13, ירושלים",,,"רחביה, מקלט ציבורי"
רחביה,מקלט ציבורי מספר 659,אבן גבירול 15,160,מקלט,,128,"עיריית ירושלים, אגף חירום וביטחון",31.77511106,35.21539432,"אבן גבירול 15, ירושלים",,,"רחביה, מקלט ציבורי"
רחביה,מקלט ציבורי מספר 809,"רשב""א 9",90,מקלט,,72,"עיריית ירושלים, אגף חירום וביטחון",31.77325644,35.21072878,"רשב""א 9, ירושלים",,,"רחביה, מקלט ציבורי"
רחביה,מקלט ציבורי מספר 810,עובדיה מברטנורה 9,150,מקלט,,120,"עיריית ירושלים, אגף חירום וביטחון",31.77326342,35.21668807,"עובדיה מברטנורה 9, ירושלים",,,"רחביה, מקלט ציבורי"
רחביה,מקלט ציבורי מספר 816,עזה 50,120,מקלט,,96,העמותה לניצולי שואה ירושלים,31.77160326,35.21238599,"דרך עזה 50, ירושלים",,,"רחביה, מקלט ציבורי"
רחביה,מקלט ציבורי מספר 835,ארלוזורוב 18,190,מקלט,,152,"עיריית ירושלים, אגף חירום וביטחון",31.77226266,35.21589869,"ארלוזורוב 18, ירושלים",,,"רחביה, מקלט ציבורי"
רחביה,מקלט ציבורי מספר 972,אלחריזי 26,100,מקלט,,80,"עיריית ירושלים, אגף תרבות, בית יעל",31.77628089,35.2142244,"אלחריזי 26, ירושלים",,,"רחביה, מקלט ציבורי"
שמואל הנביא,מקלט ציבורי מספר 604,חכם שמעון 8,100,מקלט,,80,"עיריית ירושלים, אגף חירום וביטחון",31.79541215,35.2188737,"הרב שמעון חכם 8, ירושלים",,,"שמואל הנביא, מקלט ציבורי"
שמואל הנביא,מקלט ציבורי מספר 616,שמואל הנביא 61,100,מקלט,,80,"עיריית ירושלים, אגף חירום וביטחון",31.79249233,35.22309569,"שמואל הנביא 61, ירושלים‭",,,"שמואל הנביא, מקלט ציבורי"
שמואל הנביא,מקלט ציבורי מספר 618 - מקלט נגיש,שמואל הנביא 66,110,מקלט,מקלט נגיש,137,"""בית הכנסת ""אוהלי יעקב",31.79286073,35.22315682,"שמואל הנביא 66, ירושלים",,,"שמואל הנביא, מקלט ציבורי, מקלט נגיש"
שמואל הנביא,מקלט ציבורי מספר 957,אבינדב 19,450,מקלט,,360,"""בית כנסת ""אגודת אור הצפון",31.79461697,35.2189116,"אבינדב 19, ירושלים",,,"שמואל הנביא, מקלט ציבורי"
תלפיות,מקלט ציבורי מספר 679,דרך חברון 59,200,מקלט,,160,"עיריית ירושלים, אגף חירום וביטחון",31.76343666,35.2256433,"דרך חברון 59, ירושלים",,,"תלפיות ארנונה, מקלט ציבורי"
תלפיות,מקלט ציבורי מספר 688,אפרתה 18,200,מקלט,,160,"עיריית ירושלים, אגף חירום וביטחון",31.75254609,35.22182315,"אפרתה 18, ירושלים",,,"תלפיות ארנונה, מקלט ציבורי"
תלפיות,מקלט ציבורי מספר 689,בן גבריאל 10,90,מקלט,,72,"עיריית ירושלים, אגף חירום וביטחון",31.74909478,35.2200234,"בן גבריאל 10, ירושלים",,,"תלפיות ארנונה, מקלט ציבורי"
תלפיות,מקלט ציבורי מספר 690,לייב יפה 1,240,מקלט,,192,"עיריית ירושלים, אגף חירום וביטחון",31.74919744,35.2234383,"לייב יפה 1, ירושלים",,,"תלפיות ארנונה, מקלט ציבורי"
תלפיות,מקלט ציבורי מספר 691,דרך בית לחם 93,440,מקלט,,352,"עיריית ירושלים, אגף חירום וביטחון",31.75208777,35.21891075,"דרך בית לחם 93, ירושלים",,,"תלפיות ארנונה, מקלט ציבורי"
תלפיות,מקלט ציבורי מספר 940,שלום יהודה 17,100,מקלט,,80,"""תנועת נוער ""עזרא",31.75119887,35.22008993,"אברהם שלום יהודה 17, ירושלים",,,"תלפיות ארנונה, מקלט ציבורי"
קרית יובל,מקלט ציבורי מספר 991,אברהם שרון 2,100,מקלט,,80,עמותת מתחזקים לבורא עולם,31.764072268494978,35.17290601480339,"אברהם שרון 2, ירושלים",קרית היובל - 568,יובלים,"קריית יובל, מקלט ציבורי"
,חניון בית אביחי,המלך ג'ורג' 44,מחסה ציבורי,רחביה,,,,31.777267365823803,35.215791827115616,"המלך ג'ורג' 44, ירושלים",,,"רחביה, חניון מוגן תת קרקעי"
,חניון בית בנית,האומן 14,מחסה ציבורי,תלפיות,,,,31.750919531149275,35.209708247427,"האומן 14, ירושלים",,,"תלפיות ארנונה, חניון מוגן תת קרקעי"
,חניון בית יהב,ירמיהו 80,מחסה ציבורי,רוממה,,,,31.79133351411927,35.20028136091587,"ירמיהו 80, ירושלים",,,"רוממה, חניון מוגן תת קרקעי"
,חניון בניין כלל,יפו 97 /אגריפס 42,מחסה ציבורי,מרכז העיר,,,,31.784212712816448,35.21517978975263,"יפו 97 /אגריפס 42, ירושלים",,,"מרכז העיר, חניון מוגן תת קרקעי"
,חניון הגן הטכנולוגי 4,"הגן הטכנולוגי, דרך אגודת ספורט הפועל 2",מחסה ציבורי,מנחת - מלחה,,,,31.750026940030864,35.18600107453311,"הגן הטכנולוגי, דרך אגודת ספורט הפועל 2, ירושלים",,,"מלחה, חניון מוגן תת קרקעי"
,חניון הגן הטכנולוגי בניין 1- 2 -בנין המגדל,אגודת הפועל 2,מחסה ציבורי,מנחת - מלחה,,,,31.750036063320643," 35.185990347427136","אגודת הפועל 2, ירושלים",,,"מלחה, חניון מוגן תת קרקעי"
,חניון הגן הטכנולוגי בניין 5,"הגן הטכנולוגי, דרך אגודת ספורט הפועל 2",מחסה ציבורי,מנחת - מלחה,,,,31.750063433170816,35.186011803368515,"הגן הטכנולוגי, דרך אגודת ספורט הפועל 2, ירושלים",,,"מלחה, חניון מוגן תת קרקעי"
,חניון הגן הטכנולוגי בניינים 8-9,"הגן הטכנולוגי, דרך אגודת ספורט הפועל 2, ירושלים",מחסה ציבורי,מנחת - מלחה,,,,31.749565159736868,35.1866391712211,"הגן הטכנולוגי, דרך אגודת ספורט הפועל 2, ירושלים",,,"מלחה, חניון מוגן תת קרקעי"
,חניון התחנה המרכזית,יפו 224,מחסה ציבורי,רוממה,,,,31.78955542912993,35.20335428235088,"יפו 224, ירושלים",,,"רוממה, חניון מוגן תת קרקעי"
,חניון חלונות ירושלים,אגריפס 40,מחסה ציבורי,מחנה יהודה,,,,31.78433562250371,35.21431678380738,"אגריפס 40, ירושלים",,,"מרכז העיר, חניון מוגן תת קרקעי"
,חניון A6 שניאור פלג צפון,שניאור פלג 1,מחסה ציבורי - בבניין מגורים,ארנונה החדשה,,,,31.752500581278603,35.224593974533065,"שניאור פלג 1, ירושלים",,,"ארנונה, חניון מוגן תת קרקעי"
,חניון A7 שניאור פלג דרום,שניאור פלג 2,מחסה ציבורי - בבניין מגורים,ארנונה החדשה,,,,31.752481012094652,35.22462300116668,"שניאור פלג 2, ירושלים",,,"ארנונה, חניון מוגן תת קרקעי"
,חניון אורנים,כנפי נשרים 66,מחסה ציבורי,גבעת שאול,,,,31.787355186040934,35.18123848975243,"כנפי נשרים 66, ירושלים",,,"גבעת שאול, חניון מוגן תת קרקעי"
,חניון בונהבנטורה,אנצ'ו בונהונטורה 5,מחסה ציבורי - בבניין מגורים,ארנונה החדשה,,,,31.75326482559817,35.22716150336833,"אנצ'ו בונהונטורה 5, ירושלים",,,"ארנונה, חניון מוגן תת קרקעי"
,חניון בית השנהב,בית הדפוס 12,מחסה ציבורי,גבעת שאול,,,,31.78660704819047,35.188391874532066,"בית הדפוס 12, ירושלים",,,"גבעת שאול, חניון מוגן תת קרקעי"
,חניון בנייני האומה,"שדרות שז""ר 1",מחסה ציבורי,קריית האומה,,,,31.786512987782356,35.20231020336738,"שדרות שז""ר 1, ירושלים",,,"קריית האומה, חניון מוגן תת קרקעי"
,חניון בצלאל,"זמורה 1, ירושלים",מחסה ציבורי,מרכז העיר,,,,31.782268982537506,35.22271962883541,"ישראל זמורה 1, ירושלים",,,"מרכז העיר, חניון מוגן תת קרקעי"
,חניון גד טדסקי,גד טְדֶסְקִי 5,מחסה ציבורי - בבניין מגורים,ארנונה החדשה,,,,31.7523542508316,35.22681197453305,"גד טְדֶסְקִי 5, ירושלים",,,"ארנונה, חניון מוגן תת קרקעי"
,חניון גולדה (מובילאיי),שדרות גולדה מאיר מערבית לרח' שלמה הלוי,מחסה ציבורי,הר חוצבים,,,,31.80004470123445,35.208925218991325,"שדרות גולדה מאיר מערבית לרח' שלמה הלוי, ירושלים",,,"הר חוצבים, חניון מוגן תת קרקעי"
,חניון גני ציון,אליעזר הגדול 38,מחסה ציבורי - בבניין מגורים,קטמון,,,,31.75377988676469,35.20585640336847,"אליעזר הגדול 38, ירושלים",,,"קטמון, חניון מוגן תת קרקעי"
,חניון דוד ילין,מעגל בית המדרש 7,מחסה ציבורי,בית הכרם,,,,31.78218805785295,35.19070503220292,"מעגל בית המדרש 7, ירושלים",,,"בית הכרם, חניון מוגן תת קרקעי"
,חניון דונה,בית הדפוס 20,מחסה ציבורי,גבעת שאול,,,,31.786671909279008,35.18618533469712,"בית הדפוס 20, ירושלים",,,"גבעת שאול, חניון מוגן תת קרקעי"
,חניון דרך בית לחם,דרך בית לחם 66,מחסה ציבורי - בבניין מגורים,תלפיות,,,,31.759238754683796,35.22167707453277,"דרך בית לחם 66, ירושלים",,,"תלפיות ארנונה, חניון מוגן תת קרקעי"
,חניון התיאטרון,פרופ' יעקב שסקין,מחסה ציבורי,טלביה,,,,31.767992007875165,35.21644583582216,"פרופ' יעקב שסקין, ירושלים",,,"טלביה - קוממיות, חניון מוגן תת קרקעי"
,חניון חלץ,חלץ 8,מחסה ציבורי - בבניין מגורים,בקעה,,,,31.757161504421042,35.21648405025352,"חלץ 8, ירושלים",,,"בקעה, חניון מוגן תת קרקעי"
,חניון טהון,יעקב טהון 13,מחסה ציבורי - בבניין מגורים,קריית יובל,,,,31.76159358347746,35.17523615025252,"יעקב טהון 13, ירושלים",,,"קריית יובל, חניון מוגן תת קרקעי"
,חניון יד שרה,ירמיהו 35,מחסה ציבורי,רוממה,,,,31.790820121010785,35.20231673220263,"ירמיהו 35, ירושלים",,,"רוממה, חניון מוגן תת קרקעי"
,חניון יצחק בן דור - מזרח,יצחק בן דור 3,מחסה ציבורי - בבניין מגורים,ארנונה החדשה,,,,31.754180046332795,35.22718755919138,"יצחק בן דור 3, ירושלים",,,"ארנונה, חניון מוגן תת קרקעי"
,חניון מגדל הנשרים,בית הדפוס 32,מחסה ציבורי,גבעת שאול,,,,31.78669686771139,35.18086268802584,"בית הדפוס 32, ירושלים",,,"גבעת שאול, חניון מוגן תת קרקעי"
,חניון מגדלי הבירה,ירמיהו 39,מחסה ציבורי,רוממה,,,,31.79087479802377,35.20215290336726,"ירמיהו 39, ירושלים",,,"רוממה, חניון מוגן תת קרקעי"
,חניון מוזיאון הסובלנות,הלל 33,מחסה ציבורי,מרכז העיר,,,,31.78027286168596,35.21948340521556,"הלל 33, ירושלים",,,"מרכז העיר, חניון מוגן תת קרקעי"
,חניון ממילא,יצחק קריב 6,מחסה ציבורי,ממילא,,,,31.777341283715252,35.2249100757418,"יצחק קריב 6, ירושלים",,,"ממילא, חניון מוגן תת קרקעי"
,חניון מנורה,מנורה 3,מחסה ציבורי,מרכז העיר,,,,31.78040776294547,35.21281430336758,"מנורה 3, ירושלים",,,"מרכז העיר, חניון מוגן תת קרקעי"
,חניון מול מצודת דוד,יצחק קריב 7,מחסה ציבורי - בבניין מגורים,ממילא,,,,31.77733144803239," 35.22514884548831","יצחק קריב 7, ירושלים",,,"ממילא, חניון מוגן תת קרקעי"
,חניון משרד החינוך,דבורה הנביאה 2,מחסה ציבורי,מרכז העיר,,,,31.78449857399372,35.22397310008403,"דבורה הנביאה 2, ירושלים",,,"מרכז העיר, חניון מוגן תת קרקעי"
,חניון ספרא,יפו 26 /שבטי ישראל 7,מחסה ציבורי,מרכז העיר,,,,31.77993978283809,35.22492106277103,"יפו 26 /שבטי ישראל 7, ירושלים",,,"מרכז העיר, חניון מוגן תת קרקעי"
,חניון צ'ילה,חניון צ'ילה 6,מחסה ציבורי - בבניין מגורים,קרית היובל,,,,"31.761571183776763 ",35.17173718987439,"חניון צ'ילה 6, ירושלים",,,"קריית יובל, חניון מוגן תת קרקעי"
,חניון רב שפע,שמגר 16,מחסה ציבורי,רוממה,,,,31.794966726893914,35.20843918987339,"שמגר 16, ירושלים",,,"רוממה, חניון מוגן תת קרקעי"
,חניון רג'ואן,עליאש 6,מחסה ציבורי,מרכז העיר,,,,31.781813737867314,35.2157816492801,"עליאש 6, ירושלים",,,"מרכז העיר, חניון מוגן תת קרקעי"
,חניון שמאי 10,שמאי 10,מחסה ציבורי,מרכז העיר,,,,31.781154296556917,35.21851141686136,"שמאי 10, ירושלים",,,"מרכז העיר, חניון מוגן תת קרקעי"
,חניון שמאי 21,שמאי 21,מחסה ציבורי,מרכז העיר,,,,31.781422763496103,35.21891563581359,"שמאי 21, ירושלים",,,"מרכז העיר, חניון מוגן תת קרקעי"
,חניון ירושלים זהב,רבי עקיבא 14,מחסה ציבורי,מרכז העיר,,,,31.779397304590315,35.21787461858919,"רבי עקיבא 14, ירושלים",,,"מרכז העיר, חניון מוגן תת קרקעי"
,חניון לב תלפיות,האומן 17,מחסה ציבורי,תלפיות,,,,31.75062443885658,35.20910844928173,"האומן 17, ירושלים",,,"תלפיות ארנונה, חניון מוגן תת קרקעי"
,חניון מגדל העיר,בן יהודה 34,מחסה ציבורי,מרכז העיר,,,,31.781451035075712,35.21568540009222,"בן יהודה 34, ירושלים",,,"מרכז העיר, חניון מוגן תת קרקעי"
,חניון מגדלי ירושלים,רבי עקיבא 6,מחסה ציבורי,מרכז העיר,,,,31.779959182790243,35.21797370509829,"רבי עקיבא 6, ירושלים",,,"מרכז העיר, חניון מוגן תת קרקעי"
,חניון מלון עץ הזית,סנט ג'ורג' 26,מחסה ציבורי,שמעון הצדיק,,,,31.790028541779872," 35.2287387627705","סנט ג'ורג' 26, ירושלים",,,"מרכז העיר, חניון מוגן תת קרקעי"
,חניון מסילת דויד,מסילת ישרים 17,מחסה ציבורי,מחנה יהודה,,,,31.78267031342805,35.21523358609901,"מסילת ישרים 17, ירושלים",,,"מרכז העיר, חניון מוגן תת קרקעי"
,חניון שוקניון,אגריפס 88,מחסה ציבורי,מחנה יהודה,,,,31.785399089197544,35.21013558975252,"אגריפס 88, ירושלים",,,"מרכז העיר, חניון מוגן תת קרקעי"
,חניון שערי העיר,יפו 216,מחסה ציבורי,רוממה,,,,31.78974972250061,35.205325467035486,"יפו 216, ירושלים",,,"מרכז העיר, חניון מוגן תת קרקעי"
,קדמה,בר יוחאי 5,מקלט,,על יסודי,,,31.75371688,35.1983481,"בר יוחאי 5, ירושלים",,,"גוננים - קטמונים, מקלט בבית ספר"
,ת.ת מורשה,שלמה אלקבץ 52,מקלט,,על יסודי,,,31.78939234,35.1903285,"שלמה אלקבץ 52, ירושלים",,,"גבעת שאול, מקלט בבית ספר"
,בית ספר אשבאל אלקודס,אל-ופא' סמ4 1,,,יסודי,,,31.77195649883001,35.251005982526976,"אל-ופא' סמ4 1, ירושלים",,,"א-טור, מקלט בבית ספר"
,בית ספר סלואן יסודי בנות,דרך יריחו 157,,,יסודי,,,31.773562714611426," 35.2485671357059","דרך יריחו 157, ירושלים",,,"א-טור, מקלט בבית ספר"
,אלתורי תיכון בנות,"דיר אבו טור, ירושלים",,,על יסודי,,,31.77459436808814,35.2147399682465,"דיר אבו טור, ירושלים",,,"אבו תור, מקלט בבית ספר"
,"אורות בתלפיות בנות - ""נפש",מבוא סם שפיגל 6,,,יסודי,,,31.75469225367416,35.216524845485814,"מבוא סם שפיגל 6, ירושלים",,,"תלפיות ארנונה, מקלט בבית ספר"
,בית ספר בית מלכה,מלכי ישראל 38,,,על יסודי,,,31.791118061911174,35.21069217301508,"מלכי ישראל 38, ירושלים",,,"הבוכרים - בית ישראל, מקלט בבית ספר"
,בית ספר בית מלכה,לואיס ברנדייס 2,,,יסודי,,,31.792145440323434,35.210260484656615,"לואיס ברנדייס 2, ירושלים",,,"הבוכרים - בית ישראל, מקלט בבית ספר"
,בית ספר בנות סקווירא,"רש""י 60",,,יסודי,,,31.788252384172907,35.20990761932269,"רש""י 60, ירושלים",,,"הבוכרים - בית ישראל, מקלט בבית ספר"
,אולפנא צביה,ירמיהו 5,,,על יסודי,,,31.792248790772803,35.21186316880103,"ירמיהו 5, ירושלים",,,"הבוכרים - בית ישראל, מקלט בבית ספר"
,בית ספר יקירי ירושלים,הטורים 31,,,יסודי,,,31.790877668029854,35.210607784161084,"הטורים 31, ירושלים",,,"הבוכרים - בית ישראל, מקלט בבית ספר"
,בית ספר יקירי ירושלים,מלכי ישראל 77,,,על יסודי,,,31.790501044338438,35.209754490125846,"מלכי ישראל 77, ירושלים",,,"הבוכרים - בית ישראל, מקלט בבית ספר"
,בית ספר למען אחי - שערי תורה,הטורים 36,,,יסודי,,,31.79129929598881,35.210676261410704,"הטורים 36, ירושלים",,,"הבוכרים - בית ישראל, מקלט בבית ספר"
,אוהל מועד,מ.ד. קאסוטו 16,,,על יסודי,,,31.762680169505593,35.18719373199144,"מ.ד. קאסוטו 16, ירושלים",,,"בית וגן, מקלט בבית ספר"
,בית ספר רינת התורה (ירים משה),מלכי ישראל 36,,,על יסודי,,,31.79099403996967,35.21114623384955,"מלכי ישראל 36, ירושלים",,,"הבוכרים - בית ישראל, מקלט בבית ספר"
,"בית ספר מ""מ ישראלי בית הכרם",מעגל בית המדרש 7,,,יסודי,,,31.782096856648515,35.19073722081352,"מעגל בית המדרש 7, ירושלים",,,"בית הכרם, מקלט בבית ספר"
,"בית ספר מ""מ יפה נוף משלב למנהיגות",התומר 5,,,יסודי,,,31.77967742233026,35.186453847798205,"התומר 5, ירושלים",,,"בית הכרם, מקלט בבית ספר"
,"בית ספר מ""מ חטיבה צעירה דוד ילין",שדרות הרצל 89,,,יסודי,,,31.782232936264823,35.18991474779805,"שדרות הרצל 89, ירושלים",,,"בית הכרם, מקלט בבית ספר"
,"בית ספר ממ""ד דרור",ח.ד. שחר 19,,,יסודי,,,31.78036179766806,35.19447803999045,"ח.ד. שחר 19, ירושלים",,,"בית הכרם, מקלט בבית ספר"
,בית ספר זיו ומרקס,שדרות הרצל 137,,,על יסודי,,,31.777612535771645,35.186352522855096,"שדרות הרצל 137, ירושלים",,,"בית הכרם, מקלט בבית ספר"
,בית ספר אור ברוך,תורה ועבודה 8,,,על יסודי,,,31.76717474945461,35.181404338111555,"תורה ועבודה 8, ירושלים",,,"בית וגן, מקלט בבית ספר"
,אולפנא תורנית לבנות - חורב,דובדבני ברוך 32,,,על יסודי,,,31.76196102799741,35.191814224619634,"דובדבני ברוך 32, ירושלים",,,"בית וגן, מקלט בבית ספר"
,בית ספר אחיעזר - (מוצפי),הרב מוצפי סלמן 4,,,יסודי,,,31.761808783626673,35.186974485568435,"הרב מוצפי סלמן 4, ירושלים",,,"בית וגן, מקלט בבית ספר"
,בית ספר בית יעקב בית וגן,שערי תורה 2,,,יסודי,,,31.766647866665306,35.18232494232831,"שערי תורה 2, ירושלים",,,"בית וגן, מקלט בבית ספר"
,בית ספר בית יעקב גילה,תורה ועבודה 2,,,יסודי,,,31.76828180471385,35.182598442328306,"תורה ועבודה 2, ירושלים",,,"בית וגן, מקלט בבית ספר"
,בית ספר בנות בית יעקב המרכזי,הפסגה 57,,,על יסודי,,,31.765546896534126,35.18525047514458,"הפסגה 57, ירושלים",,,"בית וגן, מקלט בבית ספר"
,"חט""ב ביניים יאיר של ישיבת נתיב מאיר",הפסגה 7,,,על יסודי,,,31.77071416304641,35.18263610547057,"הפסגה 7, ירושלים",,,"בית וגן, מקלט בבית ספר"
,בית ספר הימלפרב,תורה ועבודה 6,,,על יסודי,,,31.767599955450134,35.181271803980266,"תורה ועבודה 6, ירושלים",,,"בית וגן, מקלט בבית ספר"
,ישיבת קרית נוער,הרב פרנק 20,,,על יסודי,,,"31.763322035818074 ",35.18496173245552,"הרב פרנק 20, ירושלים",,,"בית וגן, מקלט בבית ספר"
,תורה ומדע ליד מכון לב-ישיבה תיכונית,הועד הלאומי 21,,,על יסודי,,,31.76505588,35.19012265,"הועד הלאומי 21, ירושלים",,,"בית וגן, מקלט בבית ספר"
,בית ספר טל ישראל,הרב חיים מיכל מיכלין 21,,,על יסודי,,,31.7633298667962,35.18898812292906,"הרב חיים מיכל מיכלין 21, ירושלים",,,"בית וגן, מקלט בבית ספר"
,"קול תורה-תיכון ע""ש",הפסגה 32,,,על יסודי,,,31.767258484453954,35.183083918504785,"הפסגה 32, ירושלים",,,"בית וגן, מקלט בבית ספר"
,בית ספר בויאר,"תורה ועבודה 1, ירושלים",,,על יסודי,,,31.765867439035805,35.1803612576717,"תורה ועבודה 1, ירושלים",,,"בית וגן, מקלט בבית ספר"
,בית ספר אלפא מעורב,אל עקבה 2,,,יסודי,,,31.84112123142226,35.220125454786285,"אל עקבה 2, ירושלים",,,"בית חנינא, מקלט בבית ספר"
,אבן חלדון לבנים מקיף,אל מרכז 12,,,על יסודי,,,31.820652870995982,35.230205754601336,"אל מרכז 12, ירושלים",,,"בית חנינא, מקלט בבית ספר"
,בית ספר אלקמה,דרך בית חנינא 1,,,על יסודי,,,31.827654471202422,35.22743626695003,"דרך בית חנינא 1, ירושלים",,,"בית חנינא, מקלט בבית ספר"
,"חט""ב סילואן בנים",ראס אל עמוד 23,,,על יסודי,,,"31.83420489394228 ",35.22888966313887,"אל עבאס 23, ירושלים",,,"בית חנינא, מקלט בבית ספר"
,מקיף בית חנינא בנות,אסאקקיני כליל 1,,,על יסודי,,,31.831059223219714,35.224973896236534,"אסאקקיני כליל 1, ירושלים",,,"בית חנינא, מקלט בבית ספר"
,בית ספר רוואד אלקודס,דרך חיזמה 23,,,על יסודי,,,"31.82774440849201 ",35.23294136268421,"דרך חיזמה 23, ירושלים",,,"בית חנינא, מקלט בבית ספר"
,בית ספר אלחיואר יסודי,אל טואל 20,,,יסודי,,,31.742259264544046,35.19232161625113,"אל טואל 20, ירושלים",,,"בית צפאפא, מקלט בבית ספר"
,בית ספר בית צפאפא יסודי ב,אל ועד 15,,,יסודי,,,31.745964466568875,35.20314728863773,"אל ועד 15, ירושלים",,,"בית צפאפא, מקלט בבית ספר"
,מקיף בית צפאפא,אל מדרסה אל ג'דידה 24,,,על יסודי,,,31.744675908531857,35.205905587126594,"אל מדרסה אל ג'דידה 24, ירושלים",,,"בית צפאפא, מקלט בבית ספר"
,בית ספר אבן אלהיתם אל סואחרה אל גרביה מכין בנים,האמאם אבו חניפה 6,,,על יסודי,,,31.786962288542775,35.23813308784994,"האמאם אבו חניפה 6, ירושלים",,,"ג'אבל מוכבר, מקלט בבית ספר"
,אלסוואחרה תיכון בנים,חיי אל מדארס 57,,,על יסודי,,,31.74812568913666,35.244558043236474,"חיי אל מדארס 57, ירושלים",,,"ג'אבל מוכבר, מקלט בבית ספר"
,מקיף אלביאן,אבו רביע 7,,,על יסודי,,,31.746467818020303,35.24021254780001,"אבו רביע 7, ירושלים",,,"ג'אבל מוכבר, מקלט בבית ספר"
,בית ספר סואחרה מכין בנות,חיי אל מדארס 72,,,על יסודי,,,31.830969810942893,35.225621305011025,"חיי אל מדארס 72, ירושלים",,,"ג'אבל מוכבר, מקלט בבית ספר"
,בית ספר סוואחרה יסודי בנים א,חיי אל מדארס 70,,,יסודי,,,31.831015387441326,35.225535474319024,"חיי אל מדארס 70, ירושלים",,,"ג'אבל מוכבר, מקלט בבית ספר"
,בית ספר סלעה יסודי בנות,עמר אבן אל עאס סמטה 4 88,,,יסודי,,,31.75606130542941,35.24388500547135,"עמר אבן אל עאס סמטה 4 88, ירושלים",,,"ג'אבל מוכבר, מקלט בבית ספר"
,אמרי נועם,אמרי נועם 1,,,על יסודי,,,,,"אמרי נועם 1, ירושלים",,,"רמות, מקלט בבית ספר"
,בית ספר צלעה יסודי בנים,עמר אבן אל עאס סמטה 1 94,,,יסודי,,,31.75606746224162,35.24382816624986,"עמר אבן אל עאס סמטה 1 94, ירושלים",,,"ג'אבל מוכבר, מקלט בבית ספר"
,בית ספר אהבת משה,ישעיהו 7,,,יסודי,,,31.78594550990849,35.217227324620474,"ישעיהו 7, ירושלים",,,"גאולה, מקלט בבית ספר"
,א-טור מכין בנות,ראבעה אל עדאוויה 75,,,יסודי,,,31.785598609470362,35.24796946082589,"ראבעה אל עדאוויה 75, ירושלים",,,"אבו תור, מקלט בבית ספר"
,בית ספר אור שרגא,ישא ברכה 33,,,יסודי,,,31.791709153809403,35.218924739964926,"ישא ברכה 33, ירושלים",,,"גאולה, מקלט בבית ספר"
,בית ספר אמת ואמונה (סלונים),יואל 39,,,יסודי,,,31.7922476993373,35.22212335345685,"יואל 39, ירושלים",,,"גאולה, מקלט בבית ספר"
,בית ספר באבוב (מ.ח),נחמיה 14,,,על יסודי,,,31.792414475556264,35.21626712276834,"נחמיה 14, ירושלים",,,"גאולה, מקלט בבית ספר"
,בית ספר בית יעקב בית ישראל,לפידות 17,,,יסודי,,,31.789378727173542,35.22163098650754,"לפידות 17, ירושלים",,,"גאולה, מקלט בבית ספר"
,בית ספר בנות מלכים (אוהל רחל),ישא ברכה 32,,,על יסודי,,,31.79198576144061,35.21811000397915,"ישא ברכה 32, ירושלים",,,"גאולה, מקלט בבית ספר"
,אל רשידיה תיכון בנים,סולטן סולימן 35,,,על יסודי,,,31.78392713324678,35.23627720315535,"סולטן סולימן 35, ירושלים",,,"באב א זהרה, מקלט בבית ספר"
,אלביאן יסודי מעורב,אום ליסון סמטה 3 0,,,יסודי,,,31.737107886720118,35.2469915436395,"אום ליסון סמטה 3 0, ירושלים",,,"ג'אבל מוכבר, מקלט בבית ספר"
,ישיבת אגדלך,יואל 13,,,על יסודי,,,31.789834897205633,35.22029649012588,"יואל 13, ירושלים",,,"גאולה, מקלט בבית ספר"
,אלטור יסודי בנים_ב,אל-סהל אל-ג'דיד 25,,,יסודי,,,31.781015153896128,35.25066673208295,"אל-סהל אל-ג'דיד 25, ירושלים",,,"אבו תור, מקלט בבית ספר"
,אלטור מכין בנים א,סלמן אל פרסי 20,,,יסודי,,,,,"סלמן אל פרסי 20, ירושלים",,,"אבו תור, מקלט בבית ספר"
,אלטור מקיף בנים,ראבעה אל-עדוויה סמ2 17,,,על יסודי,,,31.785571250126452,35.24793727432008,"ראבעה אל-עדוויה סמ2 17, ירושלים",,,"אבו תור, מקלט בבית ספר"
,בית ספר הדר ציון,יחזקאל 38,,,יסודי,,,31.792476279830037,35.22083077329241,"יחזקאל 38, ירושלים",,,"גאולה, מקלט בבית ספר"
,בית ספר זכרון אליעזר,אבינועם 4,,,על יסודי,,,31.790229457461443,35.21959689382845,"אבינועם 4, ירושלים",,,"גאולה, מקלט בבית ספר"
,בית ספר חיי עולם,מלכי ישראל 1,,,יסודי,,,31.788620824920947,35.218021620813175,"מלכי ישראל 1, ירושלים",,,"גאולה, מקלט בבית ספר"
,בית ספר חכמה ודעת,עזרא 10,,,על יסודי,,,31.790717579074578,35.21971500546949,"עזרא 10, ירושלים",,,"גאולה, מקלט בבית ספר"
,אלתורי יסודי בנות,אל ת'ורי סמטה 5 135,,,יסודי,,,31.764965587525033,35.23144383388026,"אל ת'ורי סמטה 5 135, ירושלים",,,"אבו תור, מקלט בבית ספר"
,מכון אהרון וישראל (קרלין),הרב אשלג 5,,,על יסודי,,,31.789246758408915,35.222101543641614,"הרב אשלג 5, ירושלים",,,"גאולה, מקלט בבית ספר"
,בית חנינא יסודי בנות (אלאופק),אל ארדשיר 3,,,יסודי,,,,,"אל ארדשיר 3, ירושלים",,,"בית חנינא, מקלט בבית ספר"
,בית ספר פורת יוסף גאולה,יוסף בן מתתיהו 30,,,על יסודי,,,31.788817524570955,35.2142204780321,"יוסף בן מתתיהו 30, ירושלים",,,"גאולה, מקלט בבית ספר"
,ישיבת קרלין סטולין-בית אהרון וישראל,שלמה מוסיוף 25,,,יסודי,,,31.792235433365427,35.22150187617658,"שלמה מוסיוף 25, ירושלים",,,"גאולה, מקלט בבית ספר"
,ישיבת תפארת ישראל רוזין,פרי חדש 8,,,על יסודי,,,31.787876480112395,35.21754767677078,"פרי חדש 8, ירושלים",,,"גאולה, מקלט בבית ספר"
,"בית ספר מ""מ תל""י גאולים ע""ש יצחק נבון",קבוץ גלויות 4,,,יסודי,,,31.755967987118954,35.21881381756074,"קבוץ גלויות 4, ירושלים",,,"בקעה, מקלט בבית ספר"
,בית ספר בית צפאפא יסודי א,אל בראעם 35,,,יסודי,,,31.74142873363179,35.205578230979654,"אל בראעם 35, ירושלים",,,"בית צפאפא, מקלט בבית ספר"
,זהרת אלמדאיין,חיי אל מדארס 0,,,יסודי,,,31.831042733320547,35.225632031988994,"חיי אל מדארס 0, ירושלים",,,"ג'אבל מוכבר, מקלט בבית ספר"
,בית ספר פלך - תורני ניסויי לבנות,יהודה 31,,,על יסודי,,,31.7578930019981,35.21731779152426,"יהודה 31, ירושלים",,,"בקעה, מקלט בבית ספר"
,"מח""ט בנים בית חנינא",אל מרכז 11,,,על יסודי,,,,,"אל מרכז 11, ירושלים",,,"בית חנינא, מקלט בבית ספר"
,מכין אבו חאמד אלגזאלי,אום ליסון 135,,,יסודי,,,31.740626584381474,35.242133302218306,"אום ליסון 135, ירושלים",,,"ג'אבל מוכבר, מקלט בבית ספר"
,"בית ספר מ""מ יאנוש קורצאק",בר כוכבא 99,,,יסודי,,,31.802546400184028,35.240019134304774,"בר כוכבא 99, ירושלים",,,"הגבעה הצרפתית, מקלט בבית ספר"
,מקיף אסמאא בנת אבי בכר בנות,אל פארוק 53,,,על יסודי,,,,,"אל פארוק 53, ירושלים",,,"ג'אבל מוכבר, מקלט בבית ספר"
,"בית ספר בית החינוך ע""ש פרנקל","אצ""ל 20",,,יסודי,,,31.801537327880688,35.23444116931322,"אצ""ל 20, ירושלים",,,"הגבעה הצרפתית, מקלט בבית ספר"
,אולפנת צביה יצירתית,לוחמי הגטאות 7,,,על יסודי,,,31.80149361092352,35.23963058414562,"לוחמי הגטאות 7, ירושלים",,,"הגבעה הצרפתית, מקלט בבית ספר"
,"בית ספר ממ""ד תורני גבעת מרדכי ע""ש הרב בן ציון נמט",הרב סרנא יחזקאל 2,,,יסודי,,,31.763344043906795,35.196259929498865,"הרב סרנא יחזקאל 2, ירושלים",,,"גבעת מרדכי, מקלט בבית ספר"
,אולפנת טליה,הרב חיים הלר 31,,,על יסודי,,,31.762895848555964,35.19852223811146,"הרב חיים הלר 31, ירושלים",,,"גבעת מרדכי, מקלט בבית ספר"
,ישיבת נועם,יצחק דוד מן 7,,,על יסודי,,,31.760942851904723,35.19844553430689,"יצחק דוד מן 7, ירושלים",,,"גבעת מרדכי, מקלט בבית ספר"
,"בית ספר מ""מ היובל",אריה דולצ'ין 21,,,יסודי,,,31.74968006405794,35.17156217663569,"אריה דולצ'ין 21, ירושלים",,,"גבעת משואה, מקלט בבית ספר"
,התיכון הישראלי למדעים ולאמנויות (יאסא),דרך חיים ע. קוליץ 1,,,על יסודי,,,31.751509182411958,35.17677347514507,"דרך חיים ע. קוליץ 1, ירושלים",,,"גבעת משואה, מקלט בבית ספר"
,בית ספר מכללת אורט,פרופ' מנדי רודן 1,,,על יסודי,,,31.777883087712862,35.19444071494687,"פרופ' מנדי רודן 1, ירושלים",,,"גבעת רם, מקלט בבית ספר"
,"עבד אללה בן אלחוסין מח""ט בנות",שלמה זלמן שרגאי 1,,,על יסודי,,,31.79762688566457,35.22820593199031,"שלמה זלמן שרגאי 1, ירושלים",,,"מעלות דפנה, שמואל הנביא, מקלט בבית ספר"
,התיכון ליד האקדמיה למוסיקה ולמחול,מנדי רודן 1 ירושלים,,,על יסודי,,,31.77819676221133,35.194311553969825,מנדי רודן 1 ירושלים,,,"גבעת רם, מקלט בבית ספר"
,בית ספר אבני שלמה (אבני צדק),הרב פינחס קהתי 19,,,יסודי,,,31.793300645012092,35.1908710720858,"הרב פינחס קהתי 19, ירושלים",,,"גבעת שאול, מקלט בבית ספר"
,צור באהר יסודי מעורב,אל מדינה אל מונאוורה 1,,,יסודי,,,,,"אל מדינה אל מונאוורה 1, ירושלים",,,"צור באחר - אום טובה, מקלט בבית ספר"
,"בית ספר ממ""ד נועם בנים ק.משה",חיים ויטאל 32,,,יסודי,,,31.78926504704267,35.19149037179721,"חיים ויטאל 32, ירושלים",,,"גבעת שאול, מקלט בבית ספר"
,בית ספר אורייתא דרכא,נחום חפצדי 5,,,על יסודי,,,31.78922018217505,35.18245055345667,"נחום חפצדי 5, ירושלים",,,"גבעת שאול, מקלט בבית ספר"
,בית ספר איילת השחר (מצטיינות),דרך יוסף ויץ 3,,,על יסודי,,,31.785446289994134,35.18914463996475,"דרך יוסף ויץ 3, ירושלים",,,"גבעת שאול, מקלט בבית ספר"
,בית ספר אילת השחר,בן ציון 15,,,יסודי,,,31.789192701676892,35.195121524620546,"בן ציון 15, ירושלים",,,"גבעת שאול, מקלט בבית ספר"
,בית ספר גבעת שאול,בן ציון 24,,,יסודי,,,31.790550349845308,35.19347614630759,"בן ציון 24, ירושלים",,,"גבעת שאול, מקלט בבית ספר"
,בית ספר גבעת שאול סניף קורדובירו,משה קורדובירו 28,,,יסודי,,,31.79004528045804,35.18943274630769,"משה קורדובירו 28, ירושלים",,,"גבעת שאול, מקלט בבית ספר"
,בית ספר חינוך ברמה לבנות-רמת החינוך,בן ציון 18,,,על יסודי,,,31.789684842424695,35.194823720813176,"בן ציון 18, ירושלים",,,"גבעת שאול, מקלט בבית ספר"
,בית ספר נחלת יוסף (עטרת ציון),הרב שלמה אלקבץ 6,,,על יסודי,,,31.791649857940747,35.19116126083053,"הרב שלמה אלקבץ 6, ירושלים",,,"גבעת שאול, מקלט בבית ספר"
,בית ספר מדרשייה עלמא אמונה,רבן יוחנן בן זכאי 33,,,על יסודי,,,31.758000103790955,35.20722963729059,"רבן יוחנן בן זכאי 33, ירושלים",,,"גוננים - קטמונים, מקלט בבית ספר"
,בית אברהם,הרב שמואל סלנט 17,,,על יסודי,,,31.785858267128646,35.22254871480257,"הרב שמואל סלנט 17, ירושלים",,,"גאולה, מקלט בבית ספר"
,שחרית -תיכון ניסויי דתי ברוח הייטק היי (דרור),אליעזר הגדול 4,,,על יסודי,,,31.75470487650203," 35.2043174761784","אליעזר הגדול 4, ירושלים",,,"גוננים - קטמונים, מקלט בבית ספר"
,"בית ספר מ""מ דו לשוני (יהודי-ערבי)",אריה בעהם 7,,,יסודי,,,31.751646674463522,35.19968985367592,"אריה בעהם  7, ירושלים",,,"גוננים - קטמונים, מקלט בבית ספר"
,"בית ספר ממ""ד גוננים",הורקניה 21,,,יסודי,,,31.757755339351966,35.20162481438534,"הורקניה 21, ירושלים",,,"גוננים - קטמונים, מקלט בבית ספר"
,בית חוה (בנות באיאן),הרב זלמן סורוצקין 40,,,על יסודי,,,31.79896133591107,35.20737198966065,"הרב זלמן סורוצקין 40, ירושלים",,,"רוממה, מקלט בבית ספר"
,דנמרק-תיכון עירוני מקיף,יהודה הנשיא 26,,,על יסודי,,,31.754793823733873," 35.20365062669848","יהודה הנשיא 26, ירושלים",,,"גוננים - קטמונים, מקלט בבית ספר"
,בית ספר קשת,אלכסנדריון 23,,,על יסודי,,,31.753419779288762,35.20543453570696,"אלכסנדריון 23, ירושלים",,,"גוננים - קטמונים, מקלט בבית ספר"
,בית ספר חוות הנוער הציוני,"שד ש""י עגנון 20",,,על יסודי,,,31.760946696278744,35.20451134779925,"שד ש""י עגנון 20, ירושלים",,,"גוננים - קטמונים, מקלט בבית ספר"
,בית ספר גבעת גונן,רבי צדוק 12,,,על יסודי,,,31.75542313094822,35.19396199786236,"רבי צדוק 12, ירושלים",,,"גוננים - קטמונים, מקלט בבית ספר"
,בית ספר אורט פלך בנים,דב יוסף 2,,,על יסודי,,,31.753249878111536,35.19893364181585,"דב יוסף 2, ירושלים",,,"גוננים - קטמונים, מקלט בבית ספר"
,"בית ספר מ""מ אריאל משלב גילה ג",הדולב 423,,,יסודי,,,31.733655947380157,35.1892103631444,"הדולב 423, ירושלים",,,"גילה, מקלט בבית ספר"
,בית ספר חרדי מנחי יד אשר בנים,המור 6,,,יסודי,,,31.73392049666775,35.19944430547248,"המור 6, ירושלים",,,"גילה, מקלט בבית ספר"
,"בית ספר מ""מ גילה א ללימודי סביבה וחברה",מבוא נטף 4,,,יסודי,,,31.734716669466515,35.19930666314425,"מבוא נטף 4, ירושלים",,,"גילה, מקלט בבית ספר"
,"בית ספר גילה ב למדעים ואומנויות ע""ש אלי כהן",מרגלית 411,,,יסודי,,,"31.72987320115094 ",35.18634698263267,"מרגלית 411, ירושלים",,,"גילה, מקלט בבית ספר"
,"בית ספר מ""מ תל""י גילה",ורדינון 1,,,יסודי,,,31.735427918293585,35.19933666314423,"ורדינון 1, ירושלים",גילה - 188,,"גילה, מקלט בבית ספר"
,"בית ספר חמ""ד תירוש - ממ""ד גילה ב",תירוש 9,,,יסודי,,,31.735466718209523,35.180406847800676,"תירוש 9, ירושלים",,,"גילה, מקלט בבית ספר"
,"בית ספר נער ישראל - ת""ת חב""ד גילה",סנונית 1,,,יסודי,,,31.731922275712265,35.18666767617941,"סנונית 1, ירושלים",,,"גילה, מקלט בבית ספר"
,"בית ספר חרדי מנח""י יד אשר בנות",אחלמה 8,,,יסודי,,,31.72789011109422,35.19008746314466,"אחלמה 8, ירושלים",,,"גילה, מקלט בבית ספר"
,"בית ספר מקיף גילה - גרינברג, עירוני י""ז",ורדינון 12,,,על יסודי,,,31.736122327271108,35.197508344475445,"ורדינון 12, ירושלים",,,"גילה, מקלט בבית ספר"
,בית ספר ארץ הצבי,הגננת 29,,,על יסודי,,,31.729946653199956,35.19102665160189,"הגננת 29, ירושלים",,,"גילה, מקלט בבית ספר"
,בית ספר הרטמן,קליין 7,,,על יסודי,,,31.766175854565347,35.21796532854604,"קליין 7, ירושלים",,,"המושבה הגרמנית, המושבה היוונית, מקלט בבית ספר"
,"בית ספר ממ""ד יהודה-הלוי",הצפירה 29,,,יסודי,,,31.765237634671802,35.21542340244779,"הצפירה 29, ירושלים",,,"המושבה הגרמנית, המושבה היוונית, מקלט בבית ספר"
,בית ספר בית חינוך,עמק רפאים 22,,,על יסודי,,,31.76530735759498,35.22035911349245,"עמק רפאים 22, ירושלים",,,"המושבה הגרמנית, המושבה היוונית, מקלט בבית ספר"
,"בית ספר מ""מ תל""י ע""ש אילן רמון",הרב יצחק ניסים 3,,,יסודי,,,31.726352626632465,35.22331858676227,"הרב יצחק ניסים 3, ירושלים",חומת שמואל - 242,,"הר חומה, מקלט בבית ספר"
,"בית ספר מ""מ עופרים",שביבי אש 5,,,יסודי,,,31.72409964975359,35.21609372081664,"שביבי אש 5, ירושלים",,,"הר חומה, מקלט בבית ספר"
,"בית ספר ממ""ד תורני חומת שמואל",שאול אביגור 9,,,יסודי,,,31.723801289439717,35.22031952971927,"שאול אביגור 9, ירושלים",,,"הר חומה, מקלט בבית ספר"
,"בית ספר ממ""ד תורני ע""ש הרב ""עמיטל",אליהו קורן 18,,,יסודי,,,31.72215593420757,35.22456925348089,"אליהו קורן 18, ירושלים",,,"הר חומה, מקלט בבית ספר"
,בית ספר ישיבת הר חומה,הרב מן ההר 4,,,על יסודי,,,31.722190420930403,35.22431373245771,"הרב מן ההר 4, ירושלים",,,"הר חומה, מקלט בבית ספר"
,בית ספר אביעזרי,הרב שאול אבן דנאן 28,,,יסודי,,,31.780975599255758,35.17307478044004,"הרב שאול אבן דנאן 28, ירושלים",,,"הר נוף, מקלט בבית ספר"
,אולפנת ראשית,הרב רפאל קצנלבוגן 43,,,על יסודי,,,31.78493120994357,35.17544264975164,"הרב רפאל קצנלבוגן 43, ירושלים",,,"הר נוף, מקלט בבית ספר"
,בית ספר אור חדש,הרב יצחק חי טייב 42,,,יסודי,,,31.78392637317963,35.171762911128596,"הרב יצחק חי טייב 42, ירושלים",,,"הר נוף, מקלט בבית ספר"
,בית האולפנא,זרח ברנט 6,,,על יסודי,,,31.782693181019383,35.174131013492456,"זרח ברנט 6, ירושלים",,,"הר נוף, מקלט בבית ספר"
,בית ספר איתרי (ארחות איש- הר נוף),הרב רפאל קצנלבוגן 71,,,יסודי,,,31.78342999417135,35.178524422767964,"הרב רפאל קצנלבוגן 71, ירושלים",,,"הר נוף, מקלט בבית ספר"
,בית ספר דמשק אליעזר (ויזניץ),הרב רפאל קצנלבוגן 80,,,על יסודי,,,31.782912314988316,35.178244432815454,"הרב רפאל קצנלבוגן 80, ירושלים",,,"הר נוף, מקלט בבית ספר"
,בית ספר דעת אהרן,הקבלן 40,,,על יסודי,,,31.7881050235833,35.178190403979485,"הקבלן 40, ירושלים",,,"הר נוף, מקלט בבית ספר"
,בית ספר דרך החיים,הקבלן 8,,,יסודי,,,31.78823342100694,35.175359690486886,"הקבלן 8, ירושלים",,,"הר נוף, מקלט בבית ספר"
,בית ספר סמינר שושנים,בית יצחק 1,,,על יסודי,,,31.78918394336319," 35.17445484734019","בית יצחק 1, ירושלים",,,"הר נוף, מקלט בבית ספר"
,בית ספר הר נוף,הרב שאול אבן דנאן 30,,,יסודי,,,31.781558458636987,35.17262663281553,"הרב שאול אבן דנאן 30, ירושלים",,,"הר נוף, מקלט בבית ספר"
,בית ספר הר נוף - בנים (נתיבות שלמה),הרב רפאל קצנלבוגן 25,,,יסודי,,,31.786482143673176,35.17575994018162,"הרב רפאל קצנלבוגן 25, ירושלים",,,"הר נוף, מקלט בבית ספר"
,בית ספר הר נוף - בנים (שתילי מאיר),הפלאה 2,,,יסודי,,,31.788414425277892,35.17633598863602,"הפלאה 2, ירושלים",,,"הר נוף, מקלט בבית ספר"
,בית ספר זרע יצחק,הקבלן 42,,,על יסודי,,,31.788808077078176,35.17844115348567,"הקבלן 42, ירושלים",,,"הר נוף, מקלט בבית ספר"
,בית ספר נר שמואל,הקבלן 36,,,על יסודי,,,31.789122318560484,35.17742416454173,"הקבלן 36, ירושלים",,,"הר נוף, מקלט בבית ספר"
,בית ספר שבות יהודה (ישמח משה),הקבלן 34,,,על יסודי,,,31.78934894020069,35.17742017617668,"הקבלן 34, ירושלים",,,"הר נוף, מקלט בבית ספר"
,בית ספר תיכון לאומנויות,יצחק אלחנן 3,,,על יסודי,,,31.769765,35.22139091,"יצחק אלחנן 3, ירושלים",,,"טלביה - קוממיות, מקלט בבית ספר"
,"בית ספר מ""מ קשת תלפ""ז",דוד רזיאל 13,,,יסודי,,,31.750174646589908,35.23301794965117,"דוד רזיאל 13, ירושלים",,,"תלפיות מזרח - ארמון הנציב, מקלט בבית ספר"
,"ת""ת מוריה בנים",משגב לדך 6,,,יסודי,,,31.778582291529233,35.232638115680786,"משגב לדך 6, ירושלים",,,"עיר העתיקה, מקלט בבית ספר"
,"בית ספר מ""מ תל""י רמת מוריה",אדם 28,,,יסודי,,,31.750105257735093,35.22950544117963,"אדם 28, ירושלים",,,"תלפיות מזרח - ארמון הנציב, מקלט בבית ספר"
,"בית ספר ממ""ד הלל חמ""ד ניסויי",עולי הגרדום 115,,,יסודי,,,31.750225361424274,35.23758986567657,"עולי הגרדום 115, ירושלים",,,"תלפיות מזרח - ארמון הנציב, מקלט בבית ספר"
,בית עזריאל,שטראוס 17,,,על יסודי,,,31.786120799553924,35.21870283208162,"שטראוס 17, ירושלים",,,"מרכז העיר, מקלט בבית ספר"
,"בית ספר קשת רא""ם (סליגסברג)",דוד רזיאל 29,,,על יסודי,,,31.75031818601405,35.23420969152453,"דוד רזיאל 29, ירושלים",,,"תלפיות מזרח - ארמון הנציב, מקלט בבית ספר"
,"בית ספר ממ""ד איתן",קדושי בבל 22,,,יסודי,,,31.747503350007204,35.23855079821269,"קדושי בבל 22, ירושלים",,,"תלפיות מזרח - ארמון הנציב, מקלט בבית ספר"
,בית ספר אורט מינקוף,הדישון 25,,,על יסודי,,,31.754251108817613,35.18179123811102,"הדישון 25, ירושלים",,,"מלחה, מקלט בבית ספר"
,"בית ספר מ""מ השלום ע""ש יצחק רבין",האייל 72,,,יסודי,,,31.749669810762647,35.18124050547168,"האייל 72, ירושלים",,,"מלחה, מקלט בבית ספר"
,בית ספר אמור אל הכהנים (שירת מרים),שמואל הנביא 36,,,יסודי,,,31.790698479111985,35.224808707424124,"שמואל הנביא 36, ירושלים",,,"מעלות דפנה, שמואל הנביא, מקלט בבית ספר"
,בית ספר במסילה נעלה,שמעון הצדיק 23,,,יסודי,,,31.794295147422826,35.22403121932252,"שמעון הצדיק 23, ירושלים",,,"מעלות דפנה, שמואל הנביא, מקלט בבית ספר"
,בית ספר ברסלב (באר מרים),קרל נטר 40,,,יסודי,,,31.795526387920194,35.2246672193224,"קרל נטר 40, ירושלים",,,"מעלות דפנה, שמואל הנביא, מקלט בבית ספר"
,בית ספר רנה קאסן,קרל נטר 1,,,על יסודי,,,31.799289924414854," 35.226206533849115","קרל נטר 1, ירושלים",,,"מעלות דפנה, שמואל הנביא, מקלט בבית ספר"
,בית ספר הגמנסיה העברית.עירוני א,הקרן הקיימת לישראל 14,,,על יסודי,,,31.777322916140818,35.213710565353416,"הקרן הקיימת לישראל 14, ירושלים",,,"מרכז העיר, מקלט בבית ספר"
,בית ספר אולינה דה רוטשילד,מנחם אוסישקין 38,,,על יסודי,,,31.7785375437962,35.212494656737256,"מנחם אוסישקין 38, ירושלים",,,"מרכז העיר, מקלט בבית ספר"
,בית ספר אמונת ציון בנות,עדו הנביא 8,,,יסודי,,,31.784711831860808,35.22549422276815,"עדו הנביא 8, ירושלים",,,"מרכז העיר, מקלט בבית ספר"
,בנות מוריה,פלוגת הכותל 10,,,יסודי,,,31.776117584924002,35.23158008966141,"פלוגת הכותל 10, ירושלים",,,"עיר העתיקה, מקלט בבית ספר"
,בנין אב,קהילות יעקב 17,,,על יסודי,,,31.813343600419508,35.21785153198962,"קהילות יעקב 17, ירושלים",,,"רמת שלמה, מקלט בבית ספר"
,"בית ספר מ""מ הניסויי",רבי עקיבא 7,,,יסודי,,,31.779646679711643,35.218214205469984,"רבי עקיבא 7, ירושלים",,,"מרכז העיר, מקלט בבית ספר"
,"בי""ס נחמת ציון",עדו הנביא 10,,,יסודי,,,31.784720851159044,35.22607673384996,"עדו הנביא 10, ירושלים",,,"מרכז העיר, מקלט בבית ספר"
,"בי""ס ממ""ד ברנדט אורות",שד נוה יעקב 38,,,יסודי,,,31.838389269743374,35.240274180131465,"שד נוה יעקב 38, ירושלים",,,"נווה יעקב, מקלט בבית ספר"
,"בי""ס הצנע לכת","הרב ש""י זווין 4",,,יסודי,,,31.841930730534838,35.24977998863361,"הרב ש""י זווין 4, ירושלים",,,"נווה יעקב, מקלט בבית ספר"
,בית ספר לחם הביכורים,הרב שלמה יוסף אליאך 6,,,יסודי,,,31.841379159713117,35.250270620810305,"הרב שלמה יוסף אליאך 6, ירושלים",,,"נווה יעקב, מקלט בבית ספר"
,"בי""ס נוה יעקב בלבן [נוה גרשון]",מאיר בלבן 6,,,יסודי,,,31.8443236959202,35.241973276173844,"מאיר בלבן 6, ירושלים",,,"נווה יעקב, מקלט בבית ספר"
,"בי""ס נוה יעקב פרדס [נוה בת שבע]",מעגלות הרב פרדס 39,,,יסודי,,,31.838857479257445," 35.245553376174115","מעגלות הרב פרדס 39, ירושלים",,,"נווה יעקב, מקלט בבית ספר"
,"בי""ס עטרת אסתר","הרב ש""י זווין 21",,,יסודי,,,"31.84300054133436 ",35.24739883384697,"הרב ש""י זווין 21, ירושלים",,,"נווה יעקב, מקלט בבית ספר"
,"בי""ס קהילת קמניץ",הרב משה כהן שאולי 16,,,יסודי,,,31.842867306699404,35.24609347575238,"הרב משה כהן שאולי 16, ירושלים",,,"נווה יעקב, מקלט בבית ספר"
,"בי""ס תורת העמק","הרב ש""י זווין 40",,,יסודי,,,31.84087227,35.24929808,"הרב ש""י זווין 40, ירושלים",,,"נווה יעקב, מקלט בבית ספר"
,"בי""ס תורת יוסף (שערי ציון)",שד נוה יעקב 36,,,יסודי,,,31.83837292,35.23903097,"שד נוה יעקב 36, ירושלים",,,"נווה יעקב, מקלט בבית ספר"
,"גור [עי""ס בנות]",ירמיהו 22,,,על יסודי,,,31.79275487484358,35.21213730315507,"ירמיהו 22, ירושלים",,,"רוממה, מקלט בבית ספר"
,"בי""ס ממ""ד דוגמא לבנים ע""ש הרב עוזיאל",הרב יוסף קאפח 20,,,יסודי,,,31.78012395352473,35.20966715875803,"הרב יוסף קאפח 20, ירושלים",,,"נחלאות - לב העיר, מקלט בבית ספר"
,"בי""ס שפת אמת",שפת אמת 5,,,על יסודי,,,31.786400128862663,35.213582804366375,"שפת אמת 5, ירושלים",,,"נחלאות - לב העיר, מקלט בבית ספר"
,"בי""ס סלואן יסודי מעורב",בטן אל הווא 2,,,יסודי,,,31.770731635422024,35.238599276177574,"בטן אל הווא 2, ירושלים",,,"סילוואן, מקלט בבית ספר"
,"בי""ס סלואן מכין בנות",בטן אל הווא 3,,,יסודי,,,31.770758999156094,35.238695835706075,"בטן אל הווא 3, ירושלים",,,"סילוואן, מקלט בבית ספר"
,"בי""ס ראס אלעמוד מקיף בנים",אל-סוויח 15,,,על יסודי,,,31.768209325697836," 35.24306809152376","אל-סוויח 15, ירושלים",,,"סילוואן, ראס אל עמוד, מקלט בבית ספר"
,"בי""ס באר יהודה",חכם עזרא עטיה 4,,,על יסודי,,,31.800993992292952,35.21593028650754,"חכם עזרא עטיה 4, ירושלים",,,"סנהדריה, מקלט בבית ספר"
,"בי""ס בית עולות (תיכון טכנולוגי)",מעגלי הרים לוין 29,,,על יסודי,,,31.803306923331792,35.21654099999979,"מעגלי הרים לוין 29, ירושלים",,,"סנהדריה, מקלט בבית ספר"
,ישיבה תיכונית חורב,הרב בן ציון אטון 2,,,על יסודי,,,31.800742468144662,35.21550690546893,"הרב בן ציון אטון 2, ירושלים",,,"סנהדריה, מקלט בבית ספר"
,"בי""ס נתיבות יעקב",סנהדריה מורחבת 112,,,על יסודי,,,31.803619460455124,35.21634564956339,"סנהדריה מורחבת 112, ירושלים",,,"סנהדריה, מקלט בבית ספר"
,בית ספר צפון,מעגלי הרים לוין 25,,,יסודי,,,31.803371470895502,35.21631634733938,"מעגלי הרים לוין 25, ירושלים",,,"סנהדריה, מקלט בבית ספר"
,אלעיסוויה תיכון בנים,טריק אל מדארס סמטה 1 9,,,על יסודי,,,31.798700644023274,35.254589766948925,"טריק אל מדארס סמטה 1 9, ירושלים",,,"עיסוויה, מקלט בבית ספר"
,"בי""ס מקיף עיסאוויה לבנות",טריק אל מדארס 10,,,על יסודי,,,31.798632632667303,35.25461874402664,"טריק אל מדארס 10, ירושלים",,,"עיסוויה, מקלט בבית ספר"
,"סילואן בי""ס יסודי החדש",טריק אל מדארס 17,,,יסודי,,,31.79869152553709,35.25458977617611,"טריק אל מדארס 17, ירושלים",,,"עיסוויה, מקלט בבית ספר"
,"עיסאוויה בי""ס חטיבת ביניים לבנים",טריק אל מדארס 14,,,על יסודי,,,31.79875535493318,35.25458977617611,"טריק אל מדארס 14, ירושלים",,,"עיסוויה, מקלט בבית ספר"
,אולפנת בני עקיבא ליבי (אולפנת בני עקיבא פסגת זאב),משה רחמילביץ 1,,,על יסודי,,,31.822418916380702,35.238062182294065,"משה רחמילביץ  1, ירושלים",,,"פסגת זאב, מקלט בבית ספר"
,"בית ספר מ""מ פסגת זאב מרכז א מדעים טכנולוגי",השישה עשר 19,,,יסודי,,,31.828549265291407,35.24286046313919,"השישה עשר 19, ירושלים",,,"פסגת זאב, מקלט בבית ספר"
,"בית ספר מ""מ פסגת המדעים והאומנויות- מזרח א",מאיר גרשון 19,,,יסודי,,,"31.819424068955716 ",35.24432792081149,"מאיר גרשון 19, ירושלים",,,"פסגת זאב, מקלט בבית ספר"
,"בית ספר מ""מ פסגת זאב מערב ע""ש מרדכי איש שלום-של""ב",שמואל תמיר (כצנלסון) 74,,,יסודי,,,31.82116483890379,35.23696309988057,"שמואל תמיר (כצנלסון) 74, ירושלים",,,"פסגת זאב, מקלט בבית ספר"
,"בית ספר מ""מ תל""י פסגת זאב צפון מתמטי",מזל טלה 11,,,יסודי,,,31.83613042567869,35.23556580546701,"מזל טלה 11, ירושלים",,,"פסגת זאב, מקלט בבית ספר"
,"ביס ממ""ד פסגת - דוד",השישה עשר 34,,,יסודי,,,31.829114083548298,35.24564185853017,"השישה עשר 34, ירושלים",,,"פסגת זאב, מקלט בבית ספר"
,"בי""ס ממ""ד נועם בנים-פסגת זאב מזרח",יצחק טוניק 21,,,יסודי,,,31.820403052539884,35.25281684860408,"יצחק טוניק 21, ירושלים",,,"פסגת זאב, מקלט בבית ספר"
,"בי""ס ממ""ד ""השחר"" (תורני פסגת זאב מזרח)",מאיר גרשון 26,,,יסודי,,,31.819139308554753,35.246713659702635,"מאיר גרשון 26, ירושלים",,,"פסגת זאב, מקלט בבית ספר"
,"בי""ס ממ""ד נועם בנות-פסגת זאב מזרח",יוסף נדבה 47,,,יסודי,,,31.815421650053434,35.25318187099739,"יוסף נדבה 47, ירושלים",פסגת זאב - 532,פסגת זאב,"פסגת זאב, מקלט בבית ספר"
,"בי""ס תיכון-פסגת זאב ע""ש טדי קולק",שד משה דיין 101,,,על יסודי,,,31.8290279,35.23996078,"שד משה דיין 101, ירושלים",,,"פסגת זאב, מקלט בבית ספר"
,"בי""ס ישיבת בני עקיבא-נתיבות חיים",חיל האויר 60,,,על יסודי,,,"31.829992228486592 ",35.23986203245196,"חיל האויר 60, ירושלים",,,"פסגת זאב, מקלט בבית ספר"
,"בי""ס יוסף ה עליכם-בנים",מזל דלי 21,,,יסודי,,,31.833640914807113,35.23402412081074,"מזל דלי 21, ירושלים",,,"פסגת זאב, מקלט בבית ספר"
,"אום טובא בי""ס מכין בנות",אלתון 48,,,יסודי,,,31.732042590035505,35.23234821173616,"אלתון 48, ירושלים",,,"צור באחר - אום טובה, מקלט בבית ספר"
,"אום טובא בי""ס מכין בנים",אלסדר 19,,,יסודי,,,31.732115590474177,35.234579809636536,"אלסדר 19, ירושלים",,,"צור באחר - אום טובה, מקלט בבית ספר"
,"אום טובא בי""ס תיכון בנים",אלסדר 13,,,על יסודי,,,31.73117209249253,35.235396921948826,"אלסדר 13, ירושלים",,,"צור באחר - אום טובה, מקלט בבית ספר"
,"בי""ס צור באהר אבן רושד תיכון בנים",אל מדינה אל מונאוורה 171,,,על יסודי,,,31.73814175853294,35.22924945084251,"אל מדינה אל מונאוורה 171, ירושלים",,,"צור באחר - אום טובה, מקלט בבית ספר"
,"בי""ס צור באהר יסודי בנות שמס אלגד",ד'את אל נטאקין 23,,,יסודי,,,31.733550922360962,35.242444276179505,"ד'את אל נטאקין 23, ירושלים",,,"צור באחר - אום טובה, מקלט בבית ספר"
,"בי""ס צור באהר מכין בנות",שקאא'יק אל נעמאן 7,,,יסודי,,,31.73731039,35.23009658,"שקאא'יק אל נעמאן 7, ירושלים",,,"צור באחר - אום טובה, מקלט בבית ספר"
,"בי""ס צור באהר תיכון בנות",אל מדינה אל מונאוורה 146,,,על יסודי,,,31.739335109439097,35.22911081511643,"אל מדינה אל מונאוורה 146, ירושלים",,,"צור באחר - אום טובה, מקלט בבית ספר"
,"בית ספר ממ""ד חורב בנים",כובשי קטמון 15,,,יסודי,,,31.765301937767774,35.21176334839173,"כובשי קטמון 15, ירושלים",,,"קטמון, מקלט בבית ספר"
,"בית ספר ממ""ד חורב בנות",בוסתנאי 10,,,יסודי,,,31.765493882646414,35.21257939507208,"בוסתנאי 10, ירושלים",,,"קטמון הישנה, מקלט בבית ספר"
,"בי""ס ממ""ד ת""ת מאור התורה לבנים ""מימון",בן ציון 7,,,יסודי,,,31.788843492624675,35.196761900785035,"בן ציון 7, ירושלים",,,"קריית משה, מקלט בבית ספר"
,ישיבת חדוות התורה,האדריכל 4,,,על יסודי,,,31.790678937042316,35.204481460825725,"האדריכל 4, ירושלים",,,"רוממה, מקלט בבית ספר"
,"בית ספר ממ""ד נועם בנות ק.משה",בזל 3,,,יסודי,,,31.78431893003941,35.192348377958346,"בזל 3, ירושלים",,,"קריית משה, מקלט בבית ספר"
,"בית ספר מ""מ אגרון",ישראל זנגויל 29,,,יסודי,,,31.763469394676648,35.177352776898175,"ישראל זנגויל 29, ירושלים",,,"קריית יובל, מקלט בבית ספר"
,ישיבת מקור חיים-שפע,י.נ. אפשטיין 5,,,על יסודי,,,31.770013992030893,35.17864782289583,"י.נ. אפשטיין 5, ירושלים",,,"קריית יובל, מקלט בבית ספר"
,"בית ספר מ""מ תל""י בית וגן",וולטה העלית 12,,,יסודי,,,31.75822356887193,35.17833999012759,"וולטה העלית 12, ירושלים",,,"קריית יובל, מקלט בבית ספר"
,"בית ספר מ""מ גוואטמלה",החרצית 9,,,יסודי,,,31.75823927885591,35.16371226314303,"החרצית 9, ירושלים",,,"קריית מנחם, מקלט בבית ספר"
,"בית ספר ממ""ד חמ""ד טל חיים",הנורית 18,,,יסודי,,,31.752590643955276,35.172531007274706,"הנורית 18, ירושלים",,,"קריית מנחם, מקלט בבית ספר"
,"בית ספר ממ""ד ראשית",דהומיי 6,,,יסודי,,,31.757300630350766,35.16570298653276,"דהומיי 6, ירושלים",,,"קריית מנחם, מקלט בבית ספר"
,"בית ספר מרכז נוער ע""י פיי שנק [אמית]",קוסטה ריקה 17,,,על יסודי,,,31.75505184394653,35.1721732420266,"קוסטה ריקה 17, ירושלים",,,"קריית מנחם, מקלט בבית ספר"
,חברון (בית דוד כנסת ישראל),הרב סרנא יחזקאל 4,,,על יסודי,,,31.764206745296526,35.19542711859227,"הרב סרנא יחזקאל 4, ירושלים",,,"גבעת מרדכי, מקלט בבית ספר"
,"בית ספר מרכז נוער דתי (אמי""ת)",קוסטה ריקה 15,,,על יסודי,,,31.755399261120015,35.17053086694708,"קוסטה ריקה 15, ירושלים",,,"קריית מנחם, מקלט בבית ספר"
,בית ספר אור אברהם טשכנוב,אבן האזל 10,,,על יסודי,,,31.795478200819954,35.21295071070948,"אבן האזל 10, ירושלים",,,"רוממה, מקלט בבית ספר"
,בית ספר אור אלחנן,אור אלחנן 4,,,על יסודי,,,31.7939043534899,35.20477626694864,"אור אלחנן 4, ירושלים",,,"רוממה, מקלט בבית ספר"
,בית ספר באר אברהם (סלאנים),דורש טוב 2,,,על יסודי,,,31.796788048485933,35.21223331349247,"דורש טוב 2, ירושלים",,,"רוממה, מקלט בבית ספר"
,בית ספר בית יעקב אמונת ציון- סורוצקין (בית יעקב אידיש),הרב זלמן סורוצקין 46,,,יסודי,,,31.799053087703594,35.20848908465662,"הרב זלמן סורוצקין 46, ירושלים",,,"רוממה, מקלט בבית ספר"
,חמדת התורה,הרב ישראל אלנקוה 21,,,יסודי,,,31.811739304379095,35.21436327431919,"הרב ישראל אלנקוה 21, ירושלים",,,"רמת שלמה, מקלט בבית ספר"
,חפץ חיים - יסוד ישראל,מעגלי הרים לוין 59,,,יסודי,,,31.801354917937818,35.219770305090016,"מעגלי הרים לוין 59, ירושלים",,,"סנהדריה, מקלט בבית ספר"
,"ת""ת בית רבן",ירמיהו 20,,,יסודי,,,31.792881374588884,35.212570962037454,"ירמיהו 20, ירושלים",,,"רוממה, מקלט בבית ספר"
,בית ספר גור (בנות),עזרת תורה 43,,,יסודי,,,31.799341328428984,35.2154990536705,"עזרת תורה 43, ירושלים",,,"רוממה, מקלט בבית ספר"
,בית ספר דרכי רחל,הרב מנחם בצרי 1,,,על יסודי,,,31.79946167737104,35.211018777262,"הרב מנחם בצרי 1, ירושלים",,,"רוממה, מקלט בבית ספר"
,ימין ה' רוממה,"המ""ג 1",,,יסודי,,,31.790611482774313,35.200095774319905,"המ""ג 1, ירושלים",,,"רוממה, מקלט בבית ספר"
,בית ספר החדש - דברי שם,ירמיהו 20,,,יסודי,,,31.79287225551944,35.21247440212822,"ירמיהו 20, ירושלים",,,"רוממה, מקלט בבית ספר"
,בית ספר החסידי עזרת תורה,עזרת תורה 45,,,יסודי,,,31.79915554311793,35.21583510397885,"עזרת תורה 45, ירושלים",,,"רוממה, מקלט בבית ספר"
,בית ספר חיי משה,ירמיהו 72,,,על יסודי,,,31.791964535502245,35.202022122781386,"ירמיהו 72, ירושלים",,,"רוממה, מקלט בבית ספר"
,כאייל תערוג,חיים מרינוב 10,,,יסודי,,,31.720674719275806,35.21746015898096,"חיים מרינוב 10, ירושלים",,,"הר חומה, מקלט בבית ספר"
,בית ספר יקירי ירושלים [ז-ח] אהליאב,אור אלחנן 2,,,יסודי,,,31.793709948875886,35.205421818961554,"אור אלחנן 2, ירושלים",,,"רוממה, מקלט בבית ספר"
,כנסת יהודה,מעגלי הרים לוין 35,,,יסודי,,,31.80363901339909,35.21843603392469,"מעגלי הרים לוין 35, ירושלים",,,"סנהדריה, מקלט בבית ספר"
,בית ספר כוכב מיעקב (טשעבין),חנה 12,,,על יסודי,,,31.795581953639235,35.2134563074193,"חנה 12, ירושלים",,,"רוממה, מקלט בבית ספר"
,בית ספר מטרסדורף,זכרון יעקב 3,,,יסודי,,,31.79590464478906,35.19995024102665,"זכרון יעקב 3, ירושלים",,,"רוממה, מקלט בבית ספר"
,בית ספר מכון בית יעקב למורות - ישן,מנחת יצחק 23,,,על יסודי,,,31.793511997165645,35.21063920204149,"מנחת יצחק 23, ירושלים",,,"רוממה, מקלט בבית ספר"
,בית ספר משכן ציון,אהלי יוסף 19,,,על יסודי,,,31.797359704005725,35.216366895173394,"אהלי יוסף 19, ירושלים",,,"רוממה, מקלט בבית ספר"
,בית ספר משכן שלמה,אהליאב 22,,,על יסודי,,,31.79255474305908,35.20276567439104,"אהליאב 22, ירושלים",,,"רוממה, מקלט בבית ספר"
,מאורי צ'רנובל (סקווירא),בר גיורא 17,,,יסודי,,,31.78954643972407,35.20978274548456,"בר גיורא 17, ירושלים",,,"הבוכרים - בית ישראל, מקלט בבית ספר"
,בית ספר סנהדרין,דורש טוב 20,,,יסודי,,,31.79714328441872,35.211330349195215,"דורש טוב 20, ירושלים",,,"רוממה, מקלט בבית ספר"
,בית ספר עזרת תורה,אהלי יוסף 15,,,יסודי,,,31.7965715230965,35.216177720358715,"אהלי יוסף 15, ירושלים",,,"רוממה, מקלט בבית ספר"
,בית ספר קדושת התורה,מנחת יצחק 14,,,על יסודי,,,31.794613233184176,35.20974229152237,"מנחת יצחק 14, ירושלים",,,"רוממה, מקלט בבית ספר"
,מים חיים מירושלים,"שד ש""י עגנון 1",,,יסודי,,,31.763581502594096,35.204525891604,"שד ש""י עגנון 1, ירושלים",,,"גוננים - קטמונים, מקלט בבית ספר"
,בית ספר תפארת ברוך,דורש טוב 18,,,על יסודי,,,31.7986192,35.21068005,"דורש טוב 18, ירושלים",,,"רוממה, מקלט בבית ספר"
,"בית ספר מ""מ רחביה ע""ש פולה בן-גוריון",דונש בן לברט 15,,,יסודי,,,31.77064640575213,35.20964754779872,"דונש בן לברט 15, ירושלים",,,"רחביה, מקלט בבית ספר"
,"בית ספר ממ""ד הרא""ל רמות",אברהם אידלזון 30,,,יסודי,,,31.81899135038116,35.190609298305624,"אברהם אידלזון 30, ירושלים",,,"רמות, מקלט בבית ספר"
,בית ספר אוהל רחל,הרב ישראל שרייבר 9,,,יסודי,,,31.819801769516662,35.188501924621974,"הרב ישראל שרייבר 9, ירושלים",,,"רמות, מקלט בבית ספר"
,בית ספר אוהל תורה - הרואה,הרואה 8,,,על יסודי,,,31.8199498200386,35.19931703811371,"הרואה 8, ירושלים",,,"רמות, מקלט בבית ספר"
,בית ספר אוצר התורה- תורת אברהם אבא,הרב חזקיה שבתאי 18,,,על יסודי,,,31.82147308035916,35.19749703811379,"הרב חזקיה שבתאי 18, ירושלים",,,"רמות, מקלט בבית ספר"
,בית ספר אמרי מלך,טרומן הרי 10,,,יסודי,,,31.81837528861449,35.20453209578585,"טרומן הרי 10, ירושלים",,,"רמות, מקלט בבית ספר"
,מרכז בית יעקב (החדש),מלכי ישראל 57,,,על יסודי,,,31.789969455713756,35.21317387810413,"מלכי ישראל 57, ירושלים",,,"הבוכרים - בית ישראל, מקלט בבית ספר"
,בית ספר בית אשר,הרב חזקיה שבתאי 21,,,על יסודי,,,31.821373227582214,35.19749604232831,"הרב חזקיה שבתאי 21, ירושלים",,,"רמות, מקלט בבית ספר"
,"בית ספר מ""מ רמות אלון - ע""ש יגאל אלון",אסירי ציון 2,,,יסודי,,,31.816023193029448,35.19505566313985,"אסירי ציון 2, ירושלים",,,"רמות, מקלט בבית ספר"
,משכן העדות,הרב מאיר בר אילן 32,,,על יסודי,,,31.7943758319381,35.21574337625636,"הרב מאיר בר אילן 32, ירושלים",,,"רוממה, מקלט בבית ספר"
,"בית ספר ממ""ד אהבת ישראל- בנים",מעוז 1,,,יסודי,,,31.82004024807849,35.2022471651919,"מעוז 1, ירושלים",,,"רמות, מקלט בבית ספר"
,"בית ספר ממ""ד נועם רמות - בנים",גדליה בובליק 26,,,יסודי,,,31.814534555658394,35.20259417716575,"גדליה בובליק 26, ירושלים",,,"רמות, מקלט בבית ספר"
,בית ספר בנות אלישבע,"מרן הגרי""ש אלישיב 2",,,על יסודי,,,31.823936516212697,35.189839542328315,"מרן הגרי""ש אלישיב 2, ירושלים",,,"רמות, מקלט בבית ספר"
,נוות ישראל,שמואל הנביא 24,,,על יסודי,,,31.789079765742027,35.225814816649255,"שמואל הנביא 24, ירושלים",,,"שמואל הנביא, מעלות דפנה, מקלט בבית ספר"
,בית ספר בני ציון,יצחק מירסקי 3,,,יסודי,,,31.82152184772786,35.19115833430367,"יצחק מירסקי 3, ירושלים",,,"רמות, מקלט בבית ספר"
,נטעי תורה (נתיבות דוד),משה זילברג 16,,,יסודי,,,31.75967398689865,35.18493608966195,"משה זילברג 16, ירושלים",,,"רמת שרת, רמת דניה, מקלט בבית ספר"
,נשמת אהרן ויעקב (ישיבה לצעירים),"החיד""א 21",,,על יסודי,,,31.76906224289417,35.18319747810865,"החיד""א 21, ירושלים",,,"בית וגן, מקלט בבית ספר"
,בית ספר דרך תבונה,הרב אור שרגא 4,,,יסודי,,,31.825905490296826,35.19047133466453,"הרב אור שרגא 4, ירושלים",,,"רמות, מקלט בבית ספר"
,בית ספר תבל - רמות,רקנטי 7,,,על יסודי,,,31.815238112596116,35.19398027116436,"רח' אַבְרָהָם רֵיקָנָטי 7, ירושלים",,,"רמות, מקלט בבית ספר"
,נתיבות מרדכי,הרב יצחק וינוגרד 1,,,על יסודי,,,31.840651146799374,35.24755120315351,"הרב יצחק וינוגרד 1, ירושלים",,,"נווה יעקב, מקלט בבית ספר"
,מדרשת אור תורה סטון,צונדק 1,,,על יסודי,,,31.809812180876033,35.19885111122338,"צונדק 1, ירושלים",,,"רמות, מקלט בבית ספר"
,בית הספר החסידי רמות,הרב בנימין מינץ 45,,,יסודי,,,31.824605156666458,35.19012273096284,"הרב בנימין מינץ 45, ירושלים",,,"רמות, מקלט בבית ספר"
,בית ספר חכמת שלמה רמות א,טרומן הרי 3,,,יסודי,,,"31.813544016985077 ",35.20623976312209,"טרומן הרי 3, ירושלים",,,"רמות, מקלט בבית ספר"
,בית ספר ים התורה [ישרש יעקב],הרב חזקיה שבתאי 19,,,על יסודי,,,"31.82149151283841 ",35.197453732452374,"הרב חזקיה שבתאי 19, ירושלים",,,"רמות, מקלט בבית ספר"
,בית ספר לבב חכמה,"המשורר אצ""ג 58",,,על יסודי,,,31.825917232689754,35.18678579197527,"המשורר אצ""ג 58, ירושלים",,,"רמות, מקלט בבית ספר"
,בית ספר מאור ישראל,הרב אור שרגא 21,,,יסודי,,,31.82645957344696,35.190109332452096,"הרב אור שרגא 21, ירושלים",,,"רמות, מקלט בבית ספר"
,בית ספר מכון אהרן וישראל סניף,הרב מ.ל. רובין 34,,,על יסודי,,,31.82248311019439,35.19369137848313,"הרב מ.ל. רובין 34, ירושלים",,,"רמות, מקלט בבית ספר"
,בית ספר מסילת יעקב - נתיב החינוך,"מרן הגרי""ש אלישיב 4",,,על יסודי,,,31.791728988628346,35.22471649339061,"מרן הגרי""ש אלישיב 4, ירושלים",,,"רמות, מקלט בבית ספר"
,עטרת חן - פסגות,מגן האלף 1,,,על יסודי,,,31.794857765908638,35.222308620432635,"מגן האלף 1, ירושלים",,,"מעלות דפנה, שמואל הנביא, מקלט בבית ספר"
,בית ספר משך חכמה חניכי הישיבות - רמות,הרב חזקיה שבתאי 12,,,יסודי,,,31.82028816841556,35.19898188945476,"הרב חזקיה שבתאי 12, ירושלים",,,"רמות, מקלט בבית ספר"
,עמל תלמים תורני,יפו 236,,,על יסודי,,,31.789583439636356,35.20053361664933,"יפו 236, ירושלים",,,"רוממה, מקלט בבית ספר"
,פאר השלום,דוד ילין 15,,,על יסודי,,,31.786281389610323,35.21610608781421,"דוד ילין 15, ירושלים",,,"גאולה, מקלט בבית ספר"
,בית ספר עטרת התורה,הרב אור שרגא 6,,,על יסודי,,,31.82608983735128,35.19078240501135,"הרב אור שרגא 6, ירושלים",,,"רמות, מקלט בבית ספר"
,פורת יוסף,משגב לדך 27,,,על יסודי,,,31.77550763535463,35.2330181050026,"משגב לדך 27, ירושלים",,,"הרובע היהודי, מקלט בבית ספר"
,בית ספר פני יהושוע,הרב חזקיה שבתאי 25,,,על יסודי,,,31.820381884851084," 35.19896904548312","הרב חזקיה שבתאי 25, ירושלים",,,"רמות, מקלט בבית ספר"
,בית ספר קהילות יעקב,רקנטי אברהם 41,,,יסודי,,,31.820103918158463," 35.18767900501164","רקנטי אברהם 41, ירושלים",,,"רמות, מקלט בבית ספר"
,בית ספר רמות פולין,יצחק מירסקי 10,,,יסודי,,,31.820684133292172,35.194052518502104,"יצחק מירסקי 10, ירושלים",,,"רמות, מקלט בבית ספר"
,קמניץ [ כנסת בית יצחק],עזרא 10,,,על יסודי,,,31.79076317543461,35.21972572531258,עזרא 10,,,"גאולה, מקלט בבית ספר"
,בית ספר תבונת יעקב,הרואה 21,,,יסודי,,,31.816161893472607,35.19786767663221,"הרואה 21, ירושלים",,,"רמות, מקלט בבית ספר"
,בית ספר תבונת יעקב סניף,שירת הים 4,,,יסודי,,,31.81791219,35.19969603,"שירת הים 4, ירושלים",,,"רמות, מקלט בבית ספר"
,בית ספר תורת חיים [יחי ראובן],יצחק מירסקי 1,,,יסודי,,,31.82163377,35.19090863,"יצחק מירסקי 1, ירושלים",,,"רמות, מקלט בבית ספר"
,"בית ספר מ""מ יד המורה",ארן זלמן 11,,,יסודי,,,"31.802110709976954 ",35.227565034304725,"ארן זלמן 11, ירושלים",,,"רמת אשכול, מקלט בבית ספר"
,בית ספר מעלה ערב,ארן זלמן 7,,,על יסודי,,,31.801401826344694,35.226414234885034,"ארן זלמן 7, ירושלים",,,"רמת אשכול, גבעת המבתר, מקלט בבית ספר"
,בית ספר אורה ברמה (אור רחל),הרב עוזי קלכהיים 17,,,יסודי,,,31.809445522811206,35.22280929578541,"הרב עוזי קלכהיים 17, ירושלים",,,"רמת שלמה, מקלט בבית ספר"
,בית ספר בית בינה,שלמה זלמן דרוק 99,,,על יסודי,,,31.813755840211655,35.219240199999994,"שלמה זלמן דרוק 99, ירושלים",,,"רמת שלמה, מקלט בבית ספר"
,בית ספר המסורה רמת שלמה,"האדמו""ר מלובביץ 52",,,יסודי,,,31.794269680678134,35.20106376901531,"האדמו""ר מלובביץ 52, ירושלים",,,"רמת שלמה, מקלט בבית ספר"
,בית ספר טשכנוב רמת שלמה,קהילות יעקב 19,,,יסודי,,,31.81313463261032,35.21754141896055,"קהילות יעקב 19, ירושלים",,,"רמת שלמה, מקלט בבית ספר"
,ישיבת מיר לצעירים,הרב יוסף שלמה כהנמן 11,,,על יסודי,,,31.809234793099968,35.22125852081204,"הרב יוסף שלמה כהנמן 11, ירושלים",,,"רמת שלמה, מקלט בבית ספר"
,בית ספר מעלות בית יעקב,מרדכי בוקסבאום 12,,,על יסודי,,,31.81279228439495,35.220066625368084,"מרדכי בוקסבאום  12, ירושלים",,,"רמת שלמה, מקלט בבית ספר"
,בית ספר רמת שלמה,חזון איש 62,,,יסודי,,,31.809994173906222,35.21893096268506,"חזון איש 62, ירושלים",,,"רמת שלמה, מקלט בבית ספר"
,בית ספר רמת שלמה (סניף),קהילות יעקב 15,,,יסודי,,,"31.811035123419185 ",35.21883467803103,"קהילות יעקב 15, ירושלים",,,"רמת שלמה, מקלט בבית ספר"
,בית ספר שירה חדשה - נעימות התורה,הרב בצלאל זולטי 26,,,יסודי,,,31.810056608539625,35.21699720436546,"הרב בצלאל זולטי 26, ירושלים",,,"רמת שלמה, מקלט בבית ספר"
,בית ספר תורה ברמה,אגרות משה 25,,,יסודי,,,31.81044582,35.22156688,"אגרות משה 25, ירושלים",,,"רמת שלמה, מקלט בבית ספר"
,בית ספר בית אהרן,משה זילברג 36,,,על יסודי,,,31.761199577286973,35.185297,"משה זילברג 36, ירושלים",,,"רמת שרת, רמת דניה, מקלט בבית ספר"
,"בית ספר מ""מ מנשה אליישר",שד שרת משה 1,,,יסודי,,,31.756870403913954,35.183476678486684,"שד שרת משה 1, ירושלים",,,"רמת שרת, רמת דניה, מקלט בבית ספר"
,"בית ספר מ""מ לוריא","הפלמ""ח 79",,,יסודי,,,31.763282879899446,35.20445494779922,"הפלמ""ח 79 , ירושלים",,,"רסקו - גבעת הורדים, גבעת מרדכי, מקלט בבית ספר"
,בית ספר אלסופרא,אל אסמאעי סמטה 4 2,,,יסודי,,,31.81352648067036,35.231955555310144,"אל אסמאעי סמטה 4 2, ירושלים",,,"שועפט, מקלט בבית ספר"
,תורת אמת,ירמיהו 16,,,על יסודי,,,31.793515449411345,35.21370927810338,"ירמיהו 16, ירושלים",,,"רוממה, מקלט בבית ספר"
,תורת אמת,חנה 25,,,יסודי,,,31.793154474015505,35.21155817431989,"חנה 25, ירושלים",,,"רוממה, מקלט בבית ספר"
,בית ספר שועפאט יסודי בנות- ב,אבו אלעלא אל מערי 4,,,יסודי,,,31.81484915567278," 35.22911084683756","אבו אלעלא אל מערי 4, ירושלים",,,"שועפט, מקלט בבית ספר"
,בית ספר שועפאט מכין בנות א,אל-ח'נסאא 21,,,יסודי,,,31.817471634195336,35.229859482613406,"אל-ח'נסאא 21, ירושלים",,,"שועפט, מקלט בבית ספר"
,בית ספר שועפאט תיכון,אלעלם 6,,,על יסודי,,,31.816075811048474,35.23123036443829,"אלעלם 6, ירושלים",,,"שועפט, מקלט בבית ספר"
,תורת שלמה,שמואל הנביא 46,,,על יסודי,,,31.791547238923666,35.2244111896611,"שמואל הנביא 46, ירושלים",,,"מעלות דפנה, שמואל הנביא, מקלט בבית ספר"
,בית ספר שועפט יסודי בנים א,אחמד שאוקי סמטה 3 15,,,יסודי,,,31.8136518430987," 35.23021807553548","אחמד שאוקי סמטה 3 15, ירושלים",,,"שועפט, מקלט בבית ספר"
,תפארת יעקב (אהל שמחה),שד גבעת משה 8,,,על יסודי,,,31.798506981448977,35.21543147431955,"שד גבעת משה 8, ירושלים",,,"רוממה, מקלט בבית ספר"
,בית ספר המסורתי,ביתר 8,,,על יסודי,,,31.754271354545164,35.22432051747318,"ביתר 8, ירושלים",,,"תלפיות ארנונה, מקלט בבית ספר"
,"בית ספר מ""מ זלמן ארן",דרך בית לחם 117,,,יסודי,,,31.748440325867925,35.21683789012808,"דרך בית לחם 117, ירושלים",,,"תלפיות ארנונה, מקלט בבית ספר"
,"בית ספר ממ""ד אהבת ישראל- בנות",דרך חברון 132,,,יסודי,,,31.748957574932668,35.218287312251626,"דרך חברון 132, ירושלים",,,"תלפיות ארנונה, מקלט בבית ספר"
,בית ספר מקיף ראס אלעמוד לבנות,דרך בית לחם הישנה 17,,,על יסודי,,,31.771041345779526,35.24242959193109,"דרך בית לחם הישנה 17, ירושלים",,,"ראס אל עמוד, מקלט בבית ספר"
,בית ספר בית וגן - בנים (לויכטר),יצחק יעקב לויכטר 3,,,יסודי,,,31.767964533940553,35.180540473015085,"יצחק יעקב לויכטר 3, ירושלים",,,"בית וגן, מקלט בבית ספר"
,בית ספר תיכון ליד האוניברסיטה,פרופ' מנשה הראל 1,,,על יסודי,,,31.78128675,35.19704616,"פרופ' מנשה הראל 1, ירושלים",,,"גבעת רם, מקלט בבית ספר"
,"מ""מ בית חינוך יער "" גבעת גונן",מרגולין 3,,,יסודי,,,31.754758578140056,35.194518649276496,"מרגולין 3, ירושלים",,,"גוננים - קטמונים, מקלט בבית ספר"
,בית חינוך יסודי ארנונה,השופט חיים כהן 16,,,יסודי,,,31.74456639848093,35.21834858113673,"השופט חיים כהן 16, ירושלים",,,"תלפיות ארנונה, מקלט בבית ספר"
,בית ספר אורה ושמחה,בית ישראל 8,,,על יסודי,,,31.788551599748804,35.22430118557624,"בית ישראל 8, ירושלים",,,"גאולה, מקלט בבית ספר"
,בית ספר בית אשר,הרב מ.ל. רובין 30,,,יסודי,,,31.822501368385808,35.19372355952262,הרב מ.ל. רובין 30,,,"רמות, מקלט בבית ספר"
,בית ספר חוות דעת,אהלי יוסף 17,,,יסודי,,,31.797494602283212,35.21626360546905,אהלי יוסף 17,,,"רוממה, מקלט בבית ספר"
,בית ספר בנות ציון,יצחק מירסקי 5,,,יסודי,,,31.821370064334076,35.19139430397801,יצחק מירסקי 5,,,"רמות, מקלט בבית ספר"
,מכין אלוואדי,אל מקדסי 90,,,יסודי,,,31.79260289873963,35.2399351676427,אל מקדסי 90,,,"ואדי ג'וז, מקלט בבית ספר"
,אור שרה,בית הדפוס 26,,,יסודי,,,31.786200442695367,35.18411290514746,בית הדפוס 26,,,"גבעת שאול, מקלט בבית ספר"
,אוהל רבקה (בנות חיל),בית הדפוס 30,,,יסודי,,,31.786008829555836,35.182799796477525,בית הדפוס 30,,,"גבעת שאול, מקלט בבית ספר"
,בית מרדכי - זוויעהל,ברוך רפפורט 26,,,על יסודי,,,31.789547381495318,35.22327286764261,ברוך רפפורט 26,,,"גאולה, מקלט בבית ספר"
,עטרת שלמה אריה,גבעת שאול 40,,,על יסודי,,,31.793435359300545,35.18917186764286,גבעת שאול 40,,,"גבעת שאול, מקלט בבית ספר"
,כנסת שלמה,דרך כרמית 50,,,על יסודי,,,31.766123999713702,35.170909896477006,דרך כרמית 50,,,"קריית יובל, מקלט בבית ספר"
,היכל אברהם,"המשורר אצ""ג 54",,,על יסודי,,,31.82563705914135,35.18631910997407,"המשורר אצ""ג 54",,,"רמות, מקלט בבית ספר"
,היכל משה פסגת זאב,הניידות 13,,,יסודי,,,31.826202905506232,35.241310325313684,הניידות 13,,,"פסגת זאב, מקלט בבית ספר"
,במעלה בית יעקב (מעלה שיר),הפסגה 31,,,על יסודי,,,31.767733959916466,35.183457091648116,הפסגה 31,,,"בית וגן, מקלט בבית ספר"
,מעלות חיים,הפסגה 52,,,על יסודי,,,31.76563323102879,35.18417365230247,הפסגה 52,,,"בית וגן, מקלט בבית ספר"
,הישיבה החדשה לצעירים,הרב בצלאל זולטי 6,,,על יסודי,,,31.811399536203904,35.2150370829828,הרב בצלאל זולטי 6,,,"רמת שלמה, מקלט בבית ספר"
,זוהר התורה,הרב זלמן סורוצקין 39,,,על יסודי,,,31.79908891339262,35.20598809165518,הרב זלמן סורוצקין 39,,,"רוממה, מקלט בבית ספר"
,באור שמואל,הרב ריינס 16,,,על יסודי,,,31.790501256787074,35.19501701181716,הרב ריינס 16,,,"גבעת שאול, מקלט בבית ספר"
,מגדל תורה (נחלת שמואל),"הרב ש""י זווין 5",,,על יסודי,,,31.840512432689497,35.247930809974584,"הרב ש""י זווין 5",,,"נווה יעקב, מקלט בבית ספר"
,דעת תורה,הרב שמעון חכם 12,,,על יסודי,,,31.795893757903382,35.21841860514972,הרב שמעון חכם 12,,,"רוממה, מקלט בבית ספר"
,מעלות התורה,חזון איש 29,,,על יסודי,,,31.8082054955348,35.220548496478116,חזון איש 29,,,"רמת שלמה, מקלט בבית ספר"
,"ישיבת רש""י",ישא ברכה 35,,,על יסודי,,,31.791553195296483,35.21921036466268,ישא ברכה 35,,,"גאולה, מקלט בבית ספר"
,הדרת משה,כי טוב 8,,,על יסודי,,,31.79518291326161,35.21662925414769,כי טוב 8,,,"רוממה, מקלט בבית ספר"
,תפארת אברהם טש,מעגלי הרים לוין 140,,,על יסודי,,,31.804125805199714,35.218382454147914,מעגלי הרים לוין 140,,,"סנהדריה, מקלט בבית ספר"
,ראש שערים,נחום חפצדי 15,,,על יסודי,,,31.78983820337739,35.18430689647765,נחום חפצדי 15,,,"גבעת שאול, מקלט בבית ספר"
,אחמד סאמח תיכון בנים,עבאסיה 51,,,על יסודי,,,,,עבאסיה 51,,,"ג'אבל מוכבר, מקלט בבית ספר"
,"מ""מ ארגנטינה הניסויי",עמנואל אולסבנגר 3,,,יסודי,,,31.76905850966287,35.17015971181646,עמנואל אולסבנגר 3,,,"קריית יובל, מקלט בבית ספר"
,אמרי משה (אורחות תורה),פנים מאירות 1,,,על יסודי,,,31.7974565728324,35.20010523398492,פנים מאירות 1,,,"רוממה, מקלט בבית ספר"
,אורחות בית יעקב (סמינר ירושלים),"רש""י 66",,,על יסודי,,,31.788256342784567,35.20845855230326,"רש""י 66",,,"הבוכרים - בית ישראל, מקלט בבית ספר"
,סקווירא,תובל 3,,,על יסודי,,,31.791601200420185,35.2066187829823,תובל 3,,,"רוממה, מקלט בבית ספר"
,בית ספר טשכנוב,שמשון פולונסקי 14,,,על יסודי,,,31.792555351720427,35.22246045414765,"שמשון פולונסקי 14, ירושלים",,,"גאולה, מקלט בבית ספר"
